depth,dip,east,fault_name,htm_ind,north,point_index,rake,slip_m,strike,zz_stress,xy_stress,xz_stress,yz_stress,xx_stress,yy_stress,tau_dd,tau_ss,sig_nn
-1643.0,11.0,398033.1421923721,galetzka_mainshock,,2979505.9501428567,1,113.49090464281277,0.4830865927553775,295.0,5.264390410313814,-3.936763457130326,-0.13281775347512415,-0.8244484982338979,11.668079665963228,2.64617075980395,-0.008604209211722169,0.04734797861317619,5.418870485823411
-1643.0,11.0,389026.03382982884,galetzka_mainshock,,2983836.2638291707,2,110.803193178475,0.4376630559003125,295.0,5.706387755331474,-4.029872674950568,-0.31699172221602684,-0.7153668405954482,11.770227899070786,3.2603640003515695,-0.02633584121192034,-0.11291432487780549,5.853334057244117
-1643.0,11.0,380024.94771593966,galetzka_mainshock,,2988173.2807642687,3,105.45724556752356,0.3756576889935837,295.0,6.009944889097014,-4.026608538931079,-0.26918461879445815,-0.71233972504077,11.774756431682347,3.6480650343239294,-0.04420223055306788,-0.04403477434819155,6.1489577447749015
-1643.0,11.0,371010.0461332628,galetzka_mainshock,,2992517.2252267995,4,80.92989451483402,0.2776719566845021,295.0,5.68879480852615,-4.027879207094297,-0.40835744520156286,-0.6036242347878852,11.50942903707597,3.9805187276157916,0.021218714735341815,-0.1691076431844756,5.832804837486428
-1643.0,11.0,362000.9339248404,galetzka_mainshock,,2996845.7850960293,5,106.95191023300815,0.2749778382433756,295.0,4.7487559292758945,-3.9344817108931993,-0.3344741050646173,-0.8381624921907462,11.218283255586908,4.154056024097722,0.39578579902648614,0.016427941338939267,5.000823232555265
-1643.0,11.0,352997.9540580317,galetzka_mainshock,,3001192.212926695,6,64.56252902935985,0.1991684711594684,295.0,9.010658717671054,-3.7515214393733594,-0.21273064097113104,-1.8070052806152188,12.218148947498229,4.862046698178094,0.5325697788577389,0.4828942484289741,9.4499925418637
-1643.0,11.0,343990.804753851,galetzka_mainshock,,3005523.417622466,7,92.62374282952489,0.1559234567385228,295.0,11.04791531212053,-4.25404453992342,-0.675661150359288,-2.078705439376813,13.25922908290022,6.116118581783981,0.7163583881409262,0.26096155180361463,11.608868126832077
-1643.0,11.0,334979.74041731487,galetzka_mainshock,,3009861.5966064218,8,92.44047901527279,0.14409069084212206,295.0,12.993634755176222,-4.2664323216160405,-0.7276737101958036,-2.0212659424632085,14.951186833652324,7.199920550285679,0.54559957134793,0.14793211466921594,13.515549157251996
-1643.0,11.0,325964.770377098,galetzka_mainshock,,3014206.7914393423,9,100.82295188137672,0.11156449704543107,295.0,12.877602533045883,-3.8136433452982352,0.4772926086544087,-0.7135869077760774,15.459028812025242,7.498357249303961,-0.8758170783352985,0.6066041366869682,12.793863441500863
-1643.0,11.0,316955.4761481365,galetzka_mainshock,,3018536.7378305374,10,69.4629889913209,0.057426710205269474,295.0,11.095547231902223,-4.107910461071807,0.9392504709144203,-0.46623240227080825,14.968217543343656,8.254617033672798,-0.8731946884882902,1.0422047947514868,10.93079261362681
-1643.0,11.0,307952.15242877736,galetzka_mainshock,,3022873.6131678615,11,52.139087138921326,0.052498852796989764,295.0,13.064355704160832,-4.348442587775034,-0.2912347658618298,-0.9160191058439511,16.564402965963005,9.865291640425028,-0.11514992588451967,0.16465151091570993,13.227270983254293
-1643.0,11.0,298935.01153458835,galetzka_mainshock,,3027217.7595499633,12,135.0,0.057732440256756876,295.0,17.46178791491389,-4.02931132585602,-0.008534526824875013,-0.686991900091078,17.110301390598483,10.56480400989405,-1.0703610147997864,0.29323021630513313,17.375458165465076
-1643.0,11.0,289923.6647022541,galetzka_mainshock,,3031557.822536718,13,135.0,0.12833846657179598,295.0,15.502002342672538,-4.281054942803856,-0.7255976539524728,0.19064469333937997,16.287531530669256,11.071548760721317,-1.1454823426840501,-0.5807576051520201,15.30536444355867
-1643.0,11.0,280918.0869834223,galetzka_mainshock,,3035893.8202953744,14,57.067581522144316,0.04373222667553072,295.0,15.738888092874442,-3.7087767091163433,-0.22060210561647917,-0.6124144309661963,15.256433269692025,10.549321194037153,-0.7456364043357269,0.1686674637308096,15.719961290289962
-1643.0,11.0,271908.57454707444,galetzka_mainshock,,3040237.0365243615,15,76.81440139321833,0.11755930186931188,295.0,12.761185998074843,-3.3660236154156675,-0.5537479380569904,0.6861039928497262,14.458824318909468,10.125363908270534,-1.1912540982540565,-0.6811434135473416,12.45424947961966
-1643.0,11.0,262894.9223256079,galetzka_mainshock,,3044576.4308089293,16,69.68819891737664,0.12393669910079096,295.0,8.439471508721496,-2.9211735161490626,-0.2031109829620925,1.3475286080846502,12.779828515240245,8.981573704943143,-1.2432942550539592,-0.6590370826145139,7.977092941430431
-1643.0,11.0,253877.11424267504,galetzka_mainshock,,3048912.04371184,17,100.2758284353997,0.11567538902030974,295.0,5.343767694031299,-2.4602197568459214,-0.19224572670015772,0.41769947408518326,11.448153678539278,7.055608686999216,-0.16108745596243446,-0.3635967741291374,5.25466275204822
-1643.0,11.0,244865.24167826032,galetzka_mainshock,,3053254.792749551,18,99.41566547282343,0.1162866758317564,295.0,5.211835356241646,-1.7471967666360906,-0.14439077165254885,-0.11973939488620232,11.043022219103465,5.867406716162545,0.20243832042498866,-0.24274589140814756,5.284141185317959
-1643.0,11.0,235859.0650420873,galetzka_mainshock,,3057593.6135029383,19,87.39324507486342,0.08116398729707652,295.0,4.90203248132463,-1.2642304121161192,-0.13168026665834653,-0.24952071423372998,11.207638049343132,5.503517995301425,0.38336200491872063,-0.27545859555884983,5.031325526862018
-1643.0,11.0,226839.0678786159,galetzka_mainshock,,3061940.0512480307,20,106.702939076083,0.04010303725405347,295.0,4.702904277599419,-1.1026267348790613,0.07468975988440367,-0.8966312850835066,12.014939523697823,6.489801778941091,1.085504322457445,0.16985606679830195,5.065727367014505
-3551.0,11.0,402292.0452584921,galetzka_mainshock,,2988345.1813639267,21,98.84115312611101,0.6372010680507371,295.0,10.06662077355191,-3.1723007883101695,-0.19677931958761988,-1.9669722228277222,15.233085625583971,7.873698298834735,1.1102668989615696,0.4921669989790629,10.64511828104177
-3551.0,11.0,393290.1854086624,galetzka_mainshock,,2992683.714555785,22,91.8099388317637,0.7060822668081956,295.0,10.994104930367579,-3.46069604450969,-0.7186047959919473,-2.017743982770844,15.644498999614996,8.694088530917295,1.2822852516034682,0.1142457701192792,11.657851065522433
-3551.0,11.0,384274.45350023283,galetzka_mainshock,,2997018.064640831,23,85.81221610470782,0.5768802299689251,295.0,12.402496958637991,-3.2246334007643718,-1.1041231856597342,-2.3209724498549487,15.680453397273322,9.168456925402799,1.5324144415554173,-0.09984962056958481,13.199952375588031
-3551.0,11.0,375274.68963268155,galetzka_mainshock,,3001359.0737949857,24,84.74466767858442,0.35414869679839284,295.0,11.554576259496978,-3.047821341465684,-1.2070554109796223,-1.4635759109401352,15.553419181479267,9.100785323485237,1.0217924336492903,-0.5644654242405185,12.110186391958068
-3551.0,11.0,366261.0397209345,galetzka_mainshock,,3005695.9813861763,25,47.60614237460643,0.2415075537120941,295.0,9.053472922990903,-3.133842102600514,-0.8485510333843355,-1.0048046479720505,15.022238837447818,9.01842075967011,0.9214832436741267,-0.3924909148699617,9.479313273098644
-3551.0,11.0,357253.3084591464,galetzka_mainshock,,3010028.622009648,26,106.11193257948959,0.2922907787204379,295.0,7.893952621394852,-3.166551543425408,-0.8044189212596177,-1.2797213269410928,14.657869888671764,9.500490073340186,1.4096721859055006,-0.1733053659078621,8.459493522886271
-3551.0,11.0,348241.7046006061,galetzka_mainshock,,3014368.214063721,27,100.66319940622073,0.3868501886531788,295.0,7.282554824675842,-2.7777533679287196,-0.15252028836132475,-1.9345508360991541,15.391869325661906,10.417721918643839,2.0404648404061563,0.6440241710234506,8.032517051673828
-3551.0,11.0,339235.99251445924,galetzka_mainshock,,3018703.5914265267,28,103.74378039831772,0.3539853563355411,295.0,10.359646628471394,-2.886190716388904,0.6105113045841932,-1.3926670339174478,16.332027354881806,11.5142017286217,0.894358790283297,1.1227820868856433,10.72868358204635
-3551.0,11.0,330226.4037915643,galetzka_mainshock,,3023045.987845584,29,103.3478483433898,0.318267547004089,295.0,12.02558209880839,-3.2076495692911817,-0.3979949522662293,-1.7427368017998772,16.90847471734911,13.417033049072009,1.5375806418137414,0.5071501521003665,12.664167387397107
-3551.0,11.0,321222.6799675333,galetzka_mainshock,,3027384.221766401,30,97.9766839461776,0.2470705004568534,295.0,13.559450534139906,-3.1417813965804147,0.0363789321673811,-4.643177736965036,18.276271802638284,15.491032926664353,3.8916488168580408,2.1403854053734097,15.130903089656188
-3551.0,11.0,312205.0167708388,galetzka_mainshock,,3031718.613244557,31,110.05480403335429,0.1581919625297063,295.0,17.2478627398713,-2.045831846114755,-1.9658894262692734,-4.739689972531499,19.813020376240942,16.95705125658752,4.500682118984898,0.2595059783045785,19.119185461228383
-3551.0,11.0,303203.24502380076,galetzka_mainshock,,3036059.8305588136,32,45.0,0.06727979601633761,295.0,16.94049679700831,-2.452146866787737,-1.636915441861882,-4.222647812104031,20.2729966185341,17.14930934414687,3.981535814899696,0.36795144966645676,18.592796440707513
-3551.0,11.0,294187.5192130868,galetzka_mainshock,,3040397.287274352,33,46.640958166471634,0.36446502301318295,295.0,18.410666578955396,-1.884303885071403,-2.9481749854009074,-4.365166501519148,19.68231106783632,16.338080117740283,4.276646553405865,-0.825258535961641,20.253155452365338
-3551.0,11.0,285177.7880633373,galetzka_mainshock,,3044741.781079473,34,68.6196357022189,0.1259690911652537,295.0,14.3399697591985,-2.433547228557413,-2.865861007586831,-2.3623159131300895,18.41709735698574,15.062908202181315,3.0065062403189975,-1.516280384749288,15.575967423040094
-3551.0,11.0,276163.97161167016,galetzka_mainshock,,3049082.4304081025,35,74.62723367518905,0.07688482216926824,295.0,11.204496632213814,-1.5435570938017233,-2.93918133453315,-2.9006470410889738,16.857015266909265,13.909039787970297,3.9728735435293725,-1.4376509183110167,12.729197165341526
-3551.0,11.0,267155.92837343947,galetzka_mainshock,,3053419.0874842457,36,83.45408737422058,0.2245539064478728,295.0,7.6919314663142595,-1.495661284189885,-2.046975052181287,-1.9486514685532623,15.451281840435925,12.08391435122396,3.1602573527596562,-1.0753579762663286,8.817670329844688
-3551.0,11.0,258143.98169797647,galetzka_mainshock,,3057763.048878387,37,63.700269814738604,0.20551295028781036,295.0,6.2914518464232145,-1.3013946277776687,-1.245269947027505,-1.4978941352174773,14.420819807160658,10.577103055230717,2.491228863948605,-0.6077545102064158,7.141876545956329
-3551.0,11.0,249127.91262562512,galetzka_mainshock,,3062103.273397865,38,82.91967817928747,0.14119671956529306,295.0,5.975436804733055,-1.2516670234252025,-0.5770189466344816,-1.220962605659752,13.89191562143102,9.909600033953039,1.9426055495411776,-0.14435523497753516,6.615537423897841
-3551.0,11.0,240117.80762929434,galetzka_mainshock,,3066450.674315873,39,95.3899747731353,0.1509675155819953,295.0,7.356701960440199,-1.4439423254553487,0.40457120036728905,-2.689790543463813,14.641937459168751,10.821328624405155,2.6713075508316084,1.373671892199104,8.316572626214414
-3551.0,11.0,231103.31331245825,galetzka_mainshock,,3070783.3211615337,40,76.61631973122445,0.10023725868657822,295.0,15.05622920011573,-1.5058612731346182,2.147171946236416,-3.825682291659419,17.51188040337535,12.328226827523082,1.8197986669146484,3.303193940254572,15.9075391930522
-5460.0,11.0,406545.16849530383,galetzka_mainshock,,2997185.7789003686,41,107.99157478732391,0.7511077049265305,295.0,16.30280848900802,-2.2130514841962174,-1.9104676366020328,-3.7927451379881063,19.95856193340846,13.55556373072712,3.3178038989890437,-0.32275306760339717,17.772828405216302
-5460.0,11.0,397538.5545217611,galetzka_mainshock,,3001521.525049061,42,97.75288475352072,0.6328649510567005,295.0,16.459805467372494,-2.3025237949405586,-1.4954074168849731,-3.6453671335282944,19.608554571109146,14.084574015417424,3.058756257499453,0.06058355392718104,17.81941163316031
-5460.0,11.0,388538.02889111935,galetzka_mainshock,,3005864.0026197108,43,82.06388596135305,0.6589611117691241,295.0,16.1352151677026,-2.2707993683438477,-1.6090363786588862,-2.8404429915518,19.491131022867297,14.493048515859641,2.551156408316391,-0.339889043909809,17.26368619737744
-5460.0,11.0,379523.6750889582,galetzka_mainshock,,3010202.3456183737,44,58.87794330620656,0.4028534290532972,295.0,13.989513304802548,-2.4976684749448768,-2.108772885118774,-3.0143232438667686,18.862869266811373,15.474342121027972,3.392389047607823,-0.5668896615925648,15.353188287222084
-5460.0,11.0,370515.2899159975,galetzka_mainshock,,3014536.409544542,45,105.02237788088765,0.27550549214126385,295.0,12.642583509111862,-2.2849037885302366,-2.0305521300628913,-4.961763689807707,18.979752817894134,16.296139595271427,5.411355967479928,0.3360250329566375,14.735357618421855
-5460.0,11.0,361512.9725701292,galetzka_mainshock,,3018877.291217642,46,74.12109090377051,0.6297395446531845,295.0,14.981687928379726,-2.473735072436412,-1.2468090456816325,-6.414402304708204,19.621411935921493,16.713535375667377,5.945388805086863,1.6426893853826041,17.369793057901063
-5460.0,11.0,352506.69581199763,galetzka_mainshock,,3023214.0495921015,47,69.24355906476416,0.8901337996054302,295.0,17.990961030563874,-2.042502439721895,-2.073441764803353,-5.990759280467497,20.216766269371167,17.858911738067853,5.60766763818128,0.7188278284212437,20.306694083771173
-5460.0,11.0,343496.4442371477,galetzka_mainshock,,3027546.7251733905,48,97.7833828986785,0.5294981823207705,295.0,17.678516261266864,-2.2920219858897664,-1.8438966798239038,-7.412964466162452,21.65798445761414,19.695766091794987,7.066354096978426,1.5725691717048875,20.509480010919937
-5460.0,11.0,334482.351335242,galetzka_mainshock,,3031886.4377750717,49,121.77324576938351,0.301656672560048,295.0,22.457684514104674,-1.9140065137098135,-1.4577827122951783,-8.747927949244923,23.15422005218501,20.604673492381266,7.385820015206256,2.380604478543246,25.554205764043136
-5460.0,11.0,325474.31207261106,galetzka_mainshock,,3036233.088580931,50,91.23527063171262,1.3958243866192481,295.0,28.562576531719507,-2.3577032794832267,-0.31993133214305963,-8.003177769859263,25.025684839308997,20.946417670365825,5.222190048381918,3.02655994749568,31.013856305741314
-5460.0,11.0,316471.99507939524,galetzka_mainshock,,3040564.536888985,51,86.40413887058607,0.3206713179316167,295.0,36.22095710925274,-2.320715511269915,-2.341005338225963,-7.150018053788672,24.03914183573607,21.59076941271221,3.934212631774729,0.9892181595440656,38.43760820140615
-5460.0,11.0,307455.94000721385,galetzka_mainshock,,3044903.2712422763,52,99.69692148840605,0.2678874362190209,295.0,33.37237284603263,-2.0917410908679006,-4.448649076935217,-7.045962248528927,25.978898627422367,22.527559055546522,5.448062046725236,-1.0304129916263924,36.03809523851788
-5460.0,11.0,298445.9180619713,galetzka_mainshock,,3049249.0301578008,53,68.5434655515685,0.5130465173841452,295.0,30.75341941837572,-1.226629028876009,-5.370321198600935,-5.037456568457198,25.076253003233546,21.373191665704468,4.528310510653995,-2.808122770036966,32.962239152831245
-5460.0,11.0,289441.7384504713,galetzka_mainshock,,3053590.7517222227,54,67.36322063254893,0.5576169473751672,295.0,25.336058219683572,-2.1357288575503692,-3.480334593613289,-5.117010702848612,24.264222928108154,20.19782116777988,4.530833291544858,-1.00873446834358,27.40412337384225
-5460.0,11.0,280423.635918235,galetzka_mainshock,,3057928.809661888,55,69.23294132509767,0.4372909293593912,295.0,26.153275122281265,-1.7777566148667212,-4.473034602809234,-4.186302798048079,21.713677475155517,18.09515298895504,3.6272064521205207,-2.2891763182734612,27.963280684770005
-5460.0,11.0,271421.2048513426,galetzka_mainshock,,3062262.7109659268,56,114.71071478105443,0.3807558023195445,295.0,21.44389388470381,-1.9315495034173795,-3.4935398067824037,-4.864514974647133,20.530511293174282,17.068489027015133,4.475790556476563,-1.1061033309366175,23.457862840313233
-5460.0,11.0,262405.03560000577,galetzka_mainshock,,3066604.112386557,57,100.01952855307032,0.40838853364045374,295.0,17.081937288719928,-1.121466604552789,-4.7607884136845335,-4.968307869166177,19.608319215120595,16.576676907636248,5.886299918413758,-2.2583627258605787,19.492469302582393
-5460.0,11.0,253394.8689598639,galetzka_mainshock,,3070952.6775609464,58,88.17015485419563,0.3258861814130817,295.0,12.998347667689387,-0.666494803565815,-3.092722227961224,-4.740379117493132,19.577540879206513,15.304051801524936,5.674472737404601,-1.015475462621611,15.190521392003031
-5460.0,11.0,244380.6135045604,galetzka_mainshock,,3075297.5503360955,59,79.84173739739003,0.21612794711466632,295.0,15.131233665528294,-0.6952486421919013,0.14075595401862886,-4.468881467157438,19.732841790798325,14.973168452319065,3.729974551434644,1.7165715138767017,16.631980001144328
-5460.0,11.0,235372.10813183762,galetzka_mainshock,,3079638.5555771464,60,94.01682223373852,0.1829995334994054,295.0,18.82645638763363,-0.2617064949907335,-0.9918769848681689,-1.7549149461292606,20.096878361029198,15.706348966027395,1.3882633288972241,-0.4431765435847489,19.486949352974943
-7368.0,11.0,410812.30286486744,galetzka_mainshock,,3006027.60994778,61,107.74963849512008,0.5581281717491064,295.0,25.790684412614233,-2.4879924899272514,-3.0965301822763847,-4.729115314813112,24.319725343206812,17.999737376717892,3.582472980263762,-0.9496964931957578,27.57454306983615
-7368.0,11.0,401800.9488514763,galetzka_mainshock,,3010360.53719913,62,92.99928379487277,0.5104592327316649,295.0,25.078639685784204,-2.4984124845534725,-2.4050818622040704,-4.485757201395568,23.64932197451967,18.28243287583677,3.2599738291292275,-0.3645687127727651,26.70013729307197
-7368.0,11.0,392795.71132357506,galetzka_mainshock,,3014700.217004982,63,113.34572922355568,1.1279443605072017,295.0,24.032611931306647,-2.876488971988966,-2.5839879226808824,-5.321290060060209,23.365515083005906,19.38050030927709,4.333307266388896,-0.029745861869099194,26.024635795247296
-7368.0,11.0,383786.5887697584,galetzka_mainshock,,3019035.6839973056,64,84.17059733975938,0.7749675755288091,295.0,25.060003527272563,-2.821941136165961,-1.8152732074364062,-7.140705187689611,23.613681763876375,20.04321782978289,5.486624111023328,1.43254373752796,27.533584015603882
-7368.0,11.0,374773.67835126055,galetzka_mainshock,,3023378.0567216487,65,56.53819014609397,0.34043607946279725,295.0,28.078518200686297,-2.7713424204886694,-2.3311150811459664,-7.696272667714162,24.031086281986084,20.450525127592044,5.674115259581513,1.1971570270313485,30.728792426726866
-7368.0,11.0,365766.7597442821,galetzka_mainshock,,3027716.190564352,66,87.74065001909969,0.8226695299596308,295.0,29.710928063556345,-2.9731939706049157,-1.9844150012461421,-8.628428467721609,25.284391251729804,21.398190901499554,6.174573835234019,1.8947287858844604,32.59421701683988
-7368.0,11.0,356765.80804813036,galetzka_mainshock,,3032050.103969735,67,106.6426330159738,0.7270565953899325,295.0,34.56445112839309,-3.232732224241527,-1.7202162899433362,-9.518873522321943,25.52400380285777,22.059374153958892,5.982721003341062,2.5618215502436206,37.54561236629675
-7368.0,11.0,347751.1667231568,galetzka_mainshock,,3036391.139220963,68,72.72780617532074,0.9068022417815254,295.0,38.17897926740801,-3.0556386700145737,-2.3810138739959035,-10.040870178747914,27.04237476011413,22.565886166368546,6.157410628896803,2.0948197059024576,41.340339679727684
-7368.0,11.0,338742.4717533645,galetzka_mainshock,,3040728.0209542774,69,95.0798795129662,0.8870340739024628,295.0,40.694728211809064,-2.0923025006941107,-3.080978176305325,-8.377954925665673,28.26547440126539,22.809784811519854,4.779771845121483,0.5925088155720656,43.35285080758209
-7368.0,11.0,329739.85221795354,galetzka_mainshock,,3045071.8470812715,70,88.40430738701012,1.4314551020975126,295.0,39.8405880784333,-2.2672131757781626,-2.0903354488833026,-5.533320612643669,29.77196186857647,23.539898982198626,2.298819560140907,0.258445909756096,41.433947780356114
-7368.0,11.0,320723.3957587307,galetzka_mainshock,,3049411.8465326624,71,95.86327069629787,1.1015628175006635,295.0,42.39798890913211,-2.1057383415132263,-0.9144633149675812,-4.8425245649369355,28.67015459890218,24.58736227099054,0.9260264636126045,1.1552614629927485,43.50621190856604
-7368.0,11.0,311722.7118767457,galetzka_mainshock,,3053747.6253695637,72,77.56884326298264,0.45636941503676604,295.0,43.57456929504105,-1.94175134349436,-2.7215631005129577,-3.337590006898409,28.12592711154919,23.911923730177087,0.05054118212636549,-1.1064662239722858,44.395944140936905
-7368.0,11.0,302708.33907316835,galetzka_mainshock,,3058090.7394231805,73,71.03069166192664,0.477417172083284,295.0,39.817780486342414,-2.507294821824567,-4.36498243508037,-1.4843789615264862,27.760278798618337,22.762870957170687,-0.42927301513967553,-3.3252465972609038,40.35441640799418
-7368.0,11.0,293699.8398754801,galetzka_mainshock,,3062429.8371469504,74,94.66958870063887,0.7691730873633058,295.0,34.8282566854807,-2.272747466565025,-3.702308754728643,-1.0903068315920452,26.806451119341567,21.36510970518528,-0.2988289900101009,-2.960388606225986,35.266387544846694
-7368.0,11.0,284687.5229316869,galetzka_mainshock,,3066776.1930534663,75,105.97790813790523,0.5809638515432779,295.0,29.104441797513836,-2.000075499328179,-3.541937444244244,0.31954946432491443,25.33832476016869,20.873483469768807,-0.5599290634459324,-3.3646736781486557,29.230273543582445
-7368.0,11.0,275681.0525650175,galetzka_mainshock,,3071118.5845473357,76,93.13329495731315,0.5776535480510787,295.0,24.748020483643014,-1.9694000863548082,-1.474737731285822,-0.5513377370800447,23.872493475633615,20.655269992259818,0.09963222167410546,-1.0768669601232241,24.98566304678865
-7368.0,11.0,266670.5470151299,galetzka_mainshock,,3075457.219527063,77,83.86365526066643,0.5008195271003318,295.0,24.975181780139458,-1.492615203327615,-1.4678017005346458,-1.7655594677517503,22.272961069402207,20.082365176840778,1.0014528513396432,-0.5504194161610978,25.601458215122452
-7368.0,11.0,257655.99017767768,galetzka_mainshock,,3079792.1385787856,78,89.96263028269419,0.2825100600894552,295.0,21.725313217855557,-1.433560079075201,-2.737692794151094,-2.2413163226548667,22.801461009530662,19.642515600046217,2.466032144731301,-1.5608307024246801,22.824408209074825
-7368.0,11.0,248647.44734662306,galetzka_mainshock,,3084134.260613426,79,102.11238378353886,0.2855980093225441,295.0,21.226317749210466,-0.6159302588980768,-1.4577657062473623,-3.020743610020014,22.553140383721168,19.265247437942605,2.763892323480133,-0.20849326271776936,22.415477036816483
-7368.0,11.0,239635.07161806888,galetzka_mainshock,,3088483.8177058427,80,84.0615466489045,0.21317397572170954,295.0,18.92200236240944,-0.2613936993237811,-1.5659448272419376,-2.053182753536059,22.887332648155017,20.346443963708666,2.6532243283501566,-0.695021249727209,19.928083105442298
-9276.0,11.0,415063.6832728522,galetzka_mainshock,,3014870.906780933,81,95.22891829746041,0.5539351859098679,295.0,28.27192982670564,-0.951373407482129,-3.108284250125759,-5.153416495385844,27.518077049739826,24.658724980794407,4.830837529365129,-0.7196791090969803,30.374160006850957
-9276.0,11.0,406057.5095866608,galetzka_mainshock,,3019200.929900588,82,78.17517531271669,0.4671331758984797,295.0,27.23223351034502,-1.0375705328750537,-3.1021891616328015,-4.988640269702746,27.81345182790529,24.354336273793848,4.835407392444233,-0.8158756987358602,29.305822916455764
-9276.0,11.0,397047.67316222057,galetzka_mainshock,,3023548.8721668217,83,115.13136332517212,0.869047072833227,295.0,26.790024257072332,-1.5716125905171476,-1.488175210434512,-5.165263720116327,27.726284071811804,24.865224773834143,4.433269010100409,0.8025234184389074,28.68397225180467
-9276.0,11.0,388043.7963787457,galetzka_mainshock,,3027881.4524783944,84,78.58122721293323,1.6053762390480308,295.0,29.695990164576575,-1.2340947063517391,-0.8142399238448332,-5.756913174460975,27.555766065432174,25.157571804257476,4.209766300769361,1.6399737380157455,31.59536067774426
-9276.0,11.0,379036.1606276858,galetzka_mainshock,,3032220.94183266,85,116.9726173576447,0.2097341717126706,295.0,32.44041519120623,-1.2952789143896657,-0.7283587809514379,-5.101867411118575,28.52622364288801,24.958104998940204,3.104628709797197,1.3666317358073914,34.002515340199615
-9276.0,11.0,370024.658285034,galetzka_mainshock,,3036556.303277821,86,100.86806283540636,1.0706023629714254,295.0,35.517011769773816,-1.8020533536573746,0.02261079067589379,-4.514454314512446,29.239050225249713,24.732073461012774,1.6568553926848484,1.7845862938384756,36.63251852532185
-9276.0,11.0,361019.2799223446,galetzka_mainshock,,3040898.5440080995,87,73.98893705077734,0.37632835782066704,295.0,39.07796080299714,-2.3051497869238533,0.816607000052398,-4.003909413547925,29.774284850774002,25.19207101954352,0.2662269848047245,2.3353746680411267,39.76798917532741
-9276.0,11.0,352010.01450379344,galetzka_mainshock,,3045236.7237573974,88,45.0,0.28182447870971034,295.0,43.14753422955983,-2.256737214097584,0.7202715340254647,-3.6373023605960553,29.601786782990132,26.106386426532584,-0.6244910918856066,2.1710719450106017,43.60775380355758
-9276.0,11.0,343006.72057641373,galetzka_mainshock,,3049570.756252918,89,78.04484613589459,0.4979096421038661,295.0,44.198742712244155,-1.6798475512693485,-1.2689609263121402,-2.5625824386609715,29.809327674112335,27.11363568744741,-0.7003358957895687,-0.05682213126072366,44.61830067149323
-9276.0,11.0,333999.6529792754,galetzka_mainshock,,3053911.873600767,90,79.12863437150847,0.6402810646114719,295.0,41.495118306031486,-1.5467896601473108,-1.7477606011367444,-1.9331601007873846,31.174263067242666,28.017245114085014,-0.33146181910605144,-0.7939425048123127,41.914826559519454
-9276.0,11.0,324988.82139701745,galetzka_mainshock,,3058260.1174069094,91,63.02921532907207,1.3464418426356186,295.0,41.43287041043413,-0.6396035695761365,-0.7520860913852562,-1.4596022698339675,30.5478471480157,27.954269204677612,-1.0083689295189409,-0.17467906909008002,41.55578199582435
-9276.0,11.0,315983.764851392,galetzka_mainshock,,3062593.2194163767,92,45.0,0.2446023777480505,295.0,40.242795838747526,-0.3438828746720258,-2.543608229403808,0.8518674823604644,29.578499866898063,27.792521341039727,-2.04070779490638,-2.704686998997557,39.90500433459802
-9276.0,11.0,306965.0621367384,galetzka_mainshock,,3066933.67156959,93,45.0,0.0836705312042418,295.0,34.205348424070905,-0.9006646776420965,-3.366159787661782,1.7716465173602527,29.205815354903336,27.82651332792506,-1.447591048709997,-3.7200381667331506,33.88838266182896
-9276.0,11.0,297962.30739829235,galetzka_mainshock,,3071281.0453180415,94,69.57540766720928,0.4601484812536058,295.0,28.61746151169108,-0.9271170957354931,-2.9735646434059433,1.0021263184963423,27.873516867401456,27.60626557415564,0.009590155323135008,-2.9670076041720628,28.68705704687914
-9276.0,11.0,288945.539488554,galetzka_mainshock,,3075613.689674627,95,74.73226683580658,0.7290097662583129,295.0,24.106175473918846,-0.6269834426632838,-3.0130779583208556,-1.0386115652049872,26.868770871953526,27.21746398371065,2.5345471354035913,-2.1473490280431276,25.02933239658831
-9276.0,11.0,279934.8340697478,galetzka_mainshock,,3079953.4718092936,96,80.64344590051662,0.5051303942834959,295.0,22.366047341156083,-0.24935419194097924,-2.039080536257154,-2.5601916054664438,26.460462317500046,26.012067849277393,3.6125019163204364,-0.7541636239737997,23.686779158792813
-9276.0,11.0,270930.1916872144,galetzka_mainshock,,3084300.410922461,97,97.37886392712535,0.5370172509901334,295.0,22.84032731243358,-0.007803211877357802,-1.5744217593111904,-2.8820484374621227,25.30011175918564,25.70180597518064,3.5601611963549793,-0.1747517218233976,24.169415024173915
-9276.0,11.0,261921.54779353322,galetzka_mainshock,,3088643.637891567,98,89.38544696502345,0.4486858096221119,295.0,21.612537625458714,0.1976836026842392,-2.519856925815775,-3.256894471934869,25.298474080097,25.840258012433505,4.526312304589503,-0.8753224726586054,23.27312834981773
-9276.0,11.0,252908.88627336398,galetzka_mainshock,,3092983.193328037,99,106.8073675602062,0.3167195220711853,295.0,19.488665831194098,0.4925550263662979,-1.9304670892695204,-3.5780939848659408,25.647995993724624,26.30913674300527,5.089218122784973,-0.24516008546562984,21.266841972650607
-9276.0,11.0,243892.42733761648,galetzka_mainshock,,3097330.201785366,100,97.62225579845443,0.22419093038970156,295.0,18.677379574276397,0.47682285516038814,-1.6270191484775642,-4.487481497415765,25.810744399526474,27.17975556415681,6.023572935408779,0.45573057200817496,20.772453380788882
-11184.0,11.0,419319.021040236,galetzka_mainshock,,3023704.4626608407,101,91.83953745884098,0.5324844173766966,295.0,34.652096381841076,0.5985242999477169,-5.482714038296373,-8.806050701022393,31.984200460798615,30.189813686077187,8.858326533031597,-1.4290597271764622,38.37572604408709
-11184.0,11.0,410318.1031506925,galetzka_mainshock,,3028042.640549795,102,69.05692905181262,0.6128578142603714,295.0,32.90726462896262,-0.051445960490527486,-5.097712592032163,-8.051381973613466,32.14736451668747,30.00812500280154,8.284365986054869,-1.3451023773078563,36.3547515334811
-11184.0,11.0,401313.47537486843,galetzka_mainshock,,3032387.663880882,103,60.46586004899544,0.4080398264875624,295.0,32.63955751878978,-0.6299710349386548,-2.9907060212059546,-9.11921625317185,32.14558171553236,30.28493297319706,8.36572371002911,1.063720741196098,36.117889622303395
-11184.0,11.0,392305.0502818826,galetzka_mainshock,,3036728.4961280795,104,45.0,0.1350842652643157,295.0,36.41662027446366,0.2776205711439204,-3.030738539556211,-9.3361854825461,31.33060239755608,30.075728298283057,7.927049832351951,1.0510727024255895,39.8511945514425
-11184.0,11.0,383292.81272364047,galetzka_mainshock,,3041065.1778730475,105,45.0,0.1279382441336444,295.0,36.32721528988298,0.6884670087580131,-3.9848780073083834,-7.155597148423622,32.402992159747335,29.86842754246238,6.548222891052145,-0.8463235934751804,39.188003315156976
-11184.0,11.0,374286.62372737506,galetzka_mainshock,,3045397.648271352,106,45.0,0.2301491151405975,295.0,34.99840051307869,0.501121644337327,-2.4196186294165867,-4.865981526112126,33.25742444807345,29.84531226498584,4.257926230795833,-0.4447927725271227,36.88205809907052
-11184.0,11.0,365276.70730725565,galetzka_mainshock,,3049737.1131434394,107,45.0,0.07074320503058934,295.0,35.35214385334519,-0.12827940099239926,-0.23968523137631592,-3.209071237091298,33.316612618397684,30.45067461120595,1.9499552618394143,0.9243361480610157,36.31620348876227
-11184.0,11.0,356272.94303559186,galetzka_mainshock,,3054083.4976803013,108,180.0,0.0,295.0,38.400545729729785,-0.4740937069289946,1.1535481413791437,-2.9650961917032044,32.320329252608595,31.80302992993516,0.7531446185287729,2.2766832763522897,38.97453598561425
-11184.0,11.0,347265.1865492718,galetzka_mainshock,,3058414.7863030117,109,131.63291738412576,0.6885317344175212,295.0,40.897174814048164,-0.18419058880513364,-0.5938174993745381,-3.173093566716008,31.48367113796417,33.08194835869142,1.3553652500600153,0.9274752328952377,41.76841122521881
-11184.0,11.0,338253.6917750541,galetzka_mainshock,,3062753.1777699133,110,45.0,1.1425997055837185,295.0,40.02686840714908,0.3174611126930692,-2.2001995044260503,-3.5800902696214676,32.05955029894063,33.55595487027236,2.654003294432045,-0.40178137727139296,41.35419657844042
-11184.0,11.0,329248.32879312744,galetzka_mainshock,,3067098.5750129162,111,59.40312014427928,0.8573372879444822,295.0,39.12542327394411,1.040817734152246,-2.853871718631329,-2.9848520999794603,32.148516884156116,33.09580232158367,2.6147690889260176,-1.3591130141222272,40.393961241470556
-11184.0,11.0,320239.07639664743,galetzka_mainshock,,3071440.063085422,112,112.93154108931678,1.0522263374863796,295.0,36.14363431446127,0.7701407813120799,-4.1337464908209505,-1.7102720958845603,31.57202320011557,33.042972046132284,2.537481827502456,-2.9550559186701446,37.27774846396178
-11184.0,11.0,311225.9188803869,galetzka_mainshock,,3075777.6825856892,113,45.366594476821724,1.5251191232162815,295.0,30.875223503699466,0.000659989715603897,-4.402773478607567,-2.205702152423315,31.04111488516474,33.46482647669075,3.9827404677211877,-2.8248582101309747,32.399646797607474
-11184.0,11.0,302218.8727940853,galetzka_mainshock,,3080122.393963591,114,48.22002763087532,2.040608499933292,295.0,27.72874992320192,0.2530153569759652,-3.7921597532795954,-4.708509548768127,30.19832430808229,33.532457360662036,6.454382767802156,-1.2077372121978358,30.124366251090102
-11184.0,11.0,293207.90078447905,galetzka_mainshock,,3084463.303692301,115,48.45311783481257,0.8960958011842259,295.0,26.963122388930106,0.9705781278557137,-4.32164035702431,-5.747212947227531,29.88810203147506,32.40921401358902,7.597867568380396,-1.3953109116083242,29.807492475499156
-11184.0,11.0,284202.8317092249,galetzka_mainshock,,3088800.2759702844,116,53.73135129865357,0.2121296796773144,295.0,24.863867407235478,0.9434866448527749,-3.9666576164955236,-5.882386606596185,29.958454499073817,31.901360408387053,7.88588832859338,-1.062355883819514,27.758875024432474
-11184.0,11.0,275194.0058199066,galetzka_mainshock,,3093144.595029041,117,78.51081890178017,0.3197061657209632,295.0,23.83343997739604,0.9467420601132457,-2.8833278909547886,-6.714430887810677,29.395392578830965,32.559416639818465,8.43644453207839,0.33545686817376563,26.893050684886227
-11184.0,11.0,266181.2171073164,galetzka_mainshock,,3097485.219971549,118,96.68216662796522,0.5966229099489894,295.0,24.229425464662064,1.1499570109624184,-3.3721950316955525,-7.939455829843787,28.940864137861873,33.56911638620152,9.752535061115198,0.4908266159508955,27.80082870973356
-11184.0,11.0,257174.50961244162,galetzka_mainshock,,3101833.07548111,119,76.1431488164545,0.3933578464502773,295.0,23.57068891640185,1.5260647148775857,-3.7900351940360366,-9.45470691086671,29.61785558385741,34.37269567522857,11.5131768822114,0.710821859758455,27.785590615947704
-11184.0,11.0,248153.98568660216,galetzka_mainshock,,3106177.5107762604,120,93.45135992543699,0.20968030458056855,295.0,23.631017412305017,1.7460978416519197,-3.4658641067131595,-10.368200187635098,30.75767281172224,34.947480854881185,12.300605944305271,1.309906841904276,28.133278231069852
-13092.0,11.0,423578.4200961179,galetzka_mainshock,,3032550.4507199973,121,47.142241149204324,0.6410797189897679,295.0,45.442795756459645,1.2072397386909601,-8.022638610270313,-11.799421823565442,36.01370152903988,35.42488438826214,11.375376325951454,-2.4334598554890854,50.39167912170182
-13092.0,11.0,414572.8029270276,galetzka_mainshock,,3036885.7568935207,122,49.76294316615397,0.4816615128905361,295.0,42.2046748739874,0.7821344158248026,-7.263766270298285,-11.042315330536985,36.978350397188905,35.01790681222626,10.956981959859057,-2.12051762761617,46.876512030536325
-13092.0,11.0,405563.5112604106,galetzka_mainshock,,3041227.9265135326,123,100.50648699104867,0.3444753816980249,295.0,41.56521093811906,0.3354055480455338,-4.619098657992464,-10.873152099263207,37.09926045303136,34.553691729544326,9.766833756329458,0.17417757087950175,45.758649582597215
-13092.0,11.0,396560.3367536691,galetzka_mainshock,,3045565.839564228,124,80.17579913405626,0.3505099064734119,295.0,44.63724151425155,0.7225274525116469,-4.131598087969875,-10.095269366191054,35.26359073998583,34.57534079524523,8.344208364340567,0.37343819659219357,48.37706392559663
-13092.0,11.0,387553.3821494462,galetzka_mainshock,,3049899.6053433726,125,49.414921160581684,0.302762259537083,295.0,43.74109889406113,1.100035580253145,-6.182856865290368,-8.666785556219898,35.26118127239416,34.951289051172076,8.227383919959033,-2.0627381498511417,47.375067420993275
-13092.0,11.0,378542.74248457927,galetzka_mainshock,,3054240.3427562895,126,45.0,1.2374792934833294,295.0,39.19271493473089,1.1320110414095412,-6.067678965103219,-7.198148338371545,36.27513464817303,35.27118627266428,7.887787383681038,-2.6241850355966916,42.49248341987582
-13092.0,11.0,369538.1746380722,galetzka_mainshock,,3058576.908902092,127,45.0,1.370853774550736,295.0,35.51629846085843,0.9164819517626356,-3.7268261792301716,-6.536874853997111,36.73135666446639,36.32665577894196,7.250185207768453,-0.7457321105883262,38.38333621509691
-13092.0,11.0,360529.91804458,galetzka_mainshock,,3062920.514119625,128,45.0,0.8582862110042313,295.0,36.36891949222496,0.996014860264044,-1.0274370834056195,-6.840424947400691,36.00985482897772,37.61675377981526,6.473578283792492,1.9189866586298365,38.916724863460075
-13092.0,11.0,351527.7063734266,galetzka_mainshock,,3067260.000076181,129,46.47671832962134,2.387136782842575,295.0,40.28783946873563,1.2916395662157167,-0.9503418501423618,-7.3316024295759785,34.571406044143934,38.625791897312084,6.271621680638501,2.333955729628029,42.87658512743482
-13092.0,11.0,342521.6583671851,galetzka_mainshock,,3071595.5130062113,130,67.76518738958488,1.2348201924166935,295.0,42.46568543462732,1.9145434601829543,-3.2830218017560924,-7.543995258145312,33.99810213052242,38.920950861752,7.071836184310146,0.33385596355625347,45.439020489865285
-13092.0,11.0,333511.9108922082,galetzka_mainshock,,3075938.1733997883,131,66.04983701798783,2.548640775001452,295.0,40.51774416491865,2.3118483353947483,-5.4716014497713035,-6.63366101515299,34.642288624722326,38.97303744052693,7.615879238419497,-2.0828856423810835,43.61624726492894
-13092.0,11.0,324498.3128230585,galetzka_mainshock,,3080276.942623152,132,48.12449039371317,1.2653960222001648,295.0,35.90208671240265,1.7217924767065351,-6.014242921942139,-6.314127673258199,34.987497489754006,39.51365323495029,8.434589317835217,-2.6115583423624105,39.14801653138632
-13092.0,11.0,315490.86462322733,galetzka_mainshock,,3084622.7913296167,133,49.81445161318772,2.264650900249308,295.0,32.91391743559913,0.9625472031905529,-5.028393341324078,-8.53929685751965,34.70174994272013,40.10638980653935,10.450518511409566,-0.6540472224845079,36.86272243198802
-13092.0,11.0,306479.54511741875,galetzka_mainshock,,3088964.8157868693,134,52.10422282581147,3.238379079107324,295.0,34.39312847935271,1.6055820555403115,-5.038106438419731,-11.022749334085109,33.82447377325009,39.63911432313094,12.255169323033392,0.31867711489699024,39.1310257954022
-13092.0,11.0,297474.1788905148,galetzka_mainshock,,3093302.8908415525,135,63.40275666951229,2.8654321227347195,295.0,33.958107383674566,2.064096131294116,-6.694678250251948,-11.1779201856482,34.18888781450055,39.06859417781846,13.106366895910732,-1.2152947559352887,39.024882114225484
-13092.0,11.0,288465.0986719315,galetzka_mainshock,,3097648.2896106886,136,75.30208634126579,1.880123288749969,295.0,31.217382759278948,1.690595167957174,-6.409380346487505,-11.790568878634131,34.8803911076484,39.36435420961217,14.037783316580953,-0.690430930243212,36.549698991276486
-13092.0,11.0,279452.11042703927,galetzka_mainshock,,3101989.971672917,137,57.5831138905255,1.2825616135297362,295.0,31.01962885628197,1.482057770493389,-4.965772569577041,-13.587919693630534,34.659541619930465,40.18132528170075,15.107873106807903,1.440946526346871,36.75799541141672
-13092.0,11.0,270445.02925082145,galetzka_mainshock,,3106327.7890357943,138,52.251853739024895,1.0681294801661454,295.0,33.10192194344514,1.6331517792683528,-4.870962022124792,-15.377191166192937,34.39425902632477,41.42182633490129,16.38790702662711,2.3590981900476375,39.39652639809126
-13092.0,11.0,261434.22306520538,galetzka_mainshock,,3110673.0389391617,139,62.282056278710954,0.6625826853306688,295.0,35.19537025089279,2.132171301048079,-5.604865635488024,-17.151513788018157,34.80529961548029,42.5779449516093,18.037581621274132,2.4355090259695764,42.1835077235248
-13092.0,11.0,252419.4717319489,galetzka_mainshock,,3115014.6797192986,140,79.70525160376393,0.3293622639602175,295.0,36.13844970034676,2.645116527396809,-6.577242095173904,-17.95760388483061,36.61747504132387,43.153395928942395,19.142084572798453,1.7515400498662512,43.563167822243265
-15000.0,11.0,427841.6946966095,galetzka_mainshock,,3041386.735720717,141,47.48465922122035,0.5322234482808889,295.0,56.49187667890368,1.9628072715769793,-9.579877016657408,-13.992313784613632,39.842858548512,41.05206808383856,12.861011111668905,-2.8704008055213626,62.2437814959071
-15000.0,11.0,418831.46087669727,galetzka_mainshock,,3045730.2227269327,142,61.10204422742944,0.5247168086692097,295.0,52.5739246018736,1.6861898378927136,-9.440511348663648,-13.012658897563753,41.208543485693504,40.45584550603183,12.631297544032622,-3.262283766236809,58.097144698475645
-15000.0,11.0,409827.3943741611,galetzka_mainshock,,3050069.441130207,143,80.95336023915334,0.7654618300085249,295.0,49.61314244349061,1.3065329334292557,-7.385216672847279,-12.249844187701422,41.77143695824079,40.267433633402646,11.674870844293197,-1.7585778686271596,54.64722846417459
-15000.0,11.0,400819.6018944316,galetzka_mainshock,,3054404.489655955,144,68.50080135122697,1.517374854806814,295.0,50.18363805912307,1.449036040150828,-5.78424168866472,-11.846572921359424,40.03935260621647,40.800580927658004,10.646333872463167,-0.3534843917816423,54.815235133383005
-15000.0,11.0,391818.0316894081,galetzka_mainshock,,3058746.3993581673,145,64.28744601955376,3.014821668026153,295.0,49.78797284992167,1.730136716647916,-7.355932839396354,-10.968437256662549,38.859907737583555,41.29574365277153,10.675449820585328,-2.0281368770249895,54.399642081955925
-15000.0,11.0,382802.85350878147,galetzka_mainshock,,3063084.301086369,146,63.560717728697824,3.5449812693440284,295.0,45.25733765630279,1.401622839157996,-8.138550730599919,-10.638539149632592,39.611016262079836,42.01485161347852,11.642125303611198,-2.823303887574775,50.06308296750428
-15000.0,11.0,373803.7524723378,galetzka_mainshock,,3067429.0288910307,147,56.674909953723365,2.952007926818625,295.0,41.535152968718364,1.2364899238567157,-6.443897220979988,-11.82432061441678,40.130480983979474,43.01202696339166,12.818789671194612,-0.7685523957274287,46.63930234324334
-15000.0,11.0,364790.9060275463,galetzka_mainshock,,3071758.751523019,148,49.06097838080853,4.2175918436946915,295.0,41.76517097730786,1.8032245535598581,-4.418651920864166,-13.181630786054345,40.00142928371319,43.90455321622018,13.337005617909266,1.6014562241291506,47.042795267946055
-15000.0,11.0,355784.38333334436,galetzka_mainshock,,3076106.5339494967,149,60.57874760218896,5.36249162703309,295.0,44.78700185996597,2.514468083360848,-3.5861637878382924,-13.780490275504,39.08739994972796,44.81287922993924,13.15924988820614,2.636474984027528,50.06718625614215
-15000.0,11.0,346773.9395654434,galetzka_mainshock,,3080439.282422837,150,77.69950224616261,5.117375894928963,295.0,47.972745565901235,3.108848781022015,-5.223318826993998,-13.989683425660418,37.90920230640022,45.428266974501774,13.52039395725815,1.3249360747608008,53.49447258424135
-15000.0,11.0,337769.67738954694,galetzka_mainshock,,3084779.063933583,151,101.02741177142363,5.7790047975408365,295.0,47.33795477832349,3.107079857054854,-8.151455214414213,-14.119012372170857,38.378191043516004,45.783317474840814,14.965404339303738,-1.2345566244296549,53.403889538453726
-15000.0,11.0,328761.7547088093,galetzka_mainshock,,3089126.0375220105,152,74.5581102307292,3.890544797325948,295.0,44.17589222450867,2.4217076219887606,-8.878562549436452,-14.918543023537119,39.74842601468621,45.62252196365553,16.43720090634972,-1.5775774335819661,50.72849818152156
-15000.0,11.0,319750.0153372907,galetzka_mainshock,,3093469.1642524577,153,76.4616884914678,3.504168194607673,295.0,43.69110552957788,1.8084400240374334,-7.302316231107589,-16.531959077337515,40.03706745962545,45.24366565261847,17.12951095626367,0.5205051433815432,50.53302929712505
-15000.0,11.0,310744.27962228307,galetzka_mainshock,,3097808.3296477026,154,80.16709782000044,4.379027951372313,295.0,46.59694028739504,2.140874919447957,-7.1813986437250055,-17.399027748629358,39.091044432025065,44.867608313805256,17.224661989456756,0.9886691759884189,53.600176413352806
-15000.0,11.0,301734.6893138838,galetzka_mainshock,,3102143.7142995507,155,95.87885393184848,3.80842972449276,295.0,46.76140939201992,2.0602471423901525,-8.809786458432836,-17.43843161850162,39.45864765003375,44.971156756685104,17.881703191833136,-0.45309879662412345,54.03307299680008
-15000.0,11.0,292731.2503440542,galetzka_mainshock,,3106486.2703185,156,108.78503752915572,2.602210967927082,295.0,45.15924157610444,1.49057132033878,-8.544002982623592,-18.291654893956235,40.6281658131704,45.11695266097233,18.774440623230593,0.1323726281742984,52.73291296905319
-15000.0,11.0,283714.3098889844,galetzka_mainshock,,3110836.3726448626,157,80.74619349699644,1.6461231649241799,295.0,45.83808571433258,0.8832335852594694,-6.763854047708265,-19.967730270555897,40.939274589445915,45.803440260744566,19.38705945590319,2.513343294116124,53.6798727778234
-15000.0,11.0,274703.11576013884,galetzka_mainshock,,3115171.549533927,158,74.05664677791046,1.1558616742499943,295.0,49.50790217284637,0.7765949334760461,-5.951739252867037,-22.38300618227156,40.496679352581374,47.35237865850063,20.6192544309659,4.396460838913453,57.94798479105544
-15000.0,11.0,265698.27084403817,galetzka_mainshock,,3119525.0668217037,159,58.54919837619553,0.7686775705066462,295.0,54.06408787547416,1.4991628657761649,-6.956701485003632,-24.497798725810846,40.70398988583216,48.45680072136133,22.217271060663478,4.356660907793301,63.26990936226266
-15000.0,11.0,256689.3040155724,galetzka_mainshock,,3123863.894986213,160,68.9471002933897,0.39829663631519663,295.0,56.3867761421274,2.127748549392817,-9.037402755245239,-24.963317290524323,42.43831967613847,48.9676469933731,23.2155218389157,2.5321608361303345,66.03957441744897
-16908.0,11.0,432099.0631976499,galetzka_mainshock,,3050235.5459729806,161,67.86563881281008,0.6125858386381454,295.0,68.02864689203273,2.7335499908282888,-11.389833063320326,-17.122909372788953,43.52450789029075,46.62228447650405,15.130769939644107,-3.1384080815201214,74.92194558839682
-16908.0,11.0,423093.96251382725,galetzka_mainshock,,3054564.9795966106,162,45.922160662250356,0.5061418775402802,295.0,63.278604071750024,2.3504548849779217,-11.99261067353258,-15.710038934103931,45.22493136806071,46.11138120162238,14.99272448892128,-4.375433676610141,69.94568372134735
-16908.0,11.0,414085.32967557525,galetzka_mainshock,,3058912.3756823065,163,53.63259377292788,0.3452672780615041,295.0,58.79136575194762,1.6523894802189345,-10.192001237780845,-15.238307451255121,46.068028389989784,46.26206564283999,14.682464041723536,-2.93419638816103,65.16711503769756
-16908.0,11.0,405082.80107908923,galetzka_mainshock,,3063244.465400625,164,54.84625292061016,0.4597302082743747,295.0,58.01523958520106,1.647646643555802,-8.246338665078582,-15.64084825386449,44.8460559487433,46.81980754406058,14.44794652067005,-0.9055793125735007,64.25648465750317
-16908.0,11.0,396076.6585874625,galetzka_mainshock,,3067583.507149497,165,71.45702399385294,0.342152726424911,295.0,57.77580965666505,1.8464299905366066,-9.048663645640904,-15.677470554472194,43.39820188476365,47.45480029195722,14.915733280181815,-1.4763376977462022,64.18034488429652
-16908.0,11.0,387066.9120990274,galetzka_mainshock,,3071929.542243465,166,134.1744028789742,0.9108198052304308,295.0,54.83146786359655,1.4245754441861793,-9.747702867147142,-16.309014793777855,43.847649548229576,48.18934641548776,16.33934509432737,-1.7636675264656554,61.68140846740926
-16908.0,11.0,378063.19937843725,galetzka_mainshock,,3076260.355454156,167,134.4613219426399,0.6633661893705467,295.0,53.0148302865432,1.258666996492571,-8.405023697626678,-18.143149834373418,44.328149621296234,48.794091244068866,17.78004395882465,0.22118194195232707,60.35763168833694
-16908.0,11.0,369055.9824148975,galetzka_mainshock,,3080609.307800235,168,55.835442817863616,2.541973080109229,295.0,54.21339836072464,1.7344828551640519,-7.086200478830774,-19.798735375125165,44.35958317847608,49.324309243149656,18.58088256912503,2.0594015375945034,61.895189283535046
-16908.0,11.0,360044.91077268904,galetzka_mainshock,,3084943.2038740083,169,85.80560398420559,4.466462814397988,295.0,57.2001693797791,2.5308682063203793,-6.597306789745145,-20.87197045011606,43.94615564268454,49.78382554061595,18.90286779486616,2.905706234739816,65.09345601768769
-16908.0,11.0,351040.0591182365,galetzka_mainshock,,3089284.120744908,170,91.08753574007744,5.277150600996716,295.0,61.08260516015819,3.132258716611456,-7.567353553309164,-21.29559894883458,43.16626024676963,49.70877351629817,18.960415632066464,2.196194251096978,69.14139596398302
-16908.0,11.0,342031.44390303013,galetzka_mainshock,,3093621.126836446,171,90.10363160177769,4.902108018477587,295.0,62.86293552207818,2.969865595589398,-10.053958620033825,-20.82298408943147,43.43990173407765,48.90862968513339,19.066924100697108,-0.27065488270538973,71.06344097210089
-16908.0,11.0,333019.2036814444,galetzka_mainshock,,3097965.34300805,172,94.13897407549494,4.298109823910972,295.0,61.32061074408905,2.00332410465931,-10.976300255670049,-20.373845017265296,44.915870009279004,48.25334577573097,19.149682726491612,-1.3147635676415088,69.53384787227243
-16908.0,11.0,324013.0175064383,galetzka_mainshock,,3102305.585916517,173,110.0850527011312,3.2363204739333216,295.0,60.60178950394721,1.216179997969419,-9.45093012443508,-20.824173878459636,45.57009774493586,48.232572270094984,18.97077824492677,0.2763233161991493,68.73427770811868
-16908.0,11.0,315003.20282178576,galetzka_mainshock,,3106653.106477421,174,123.44663953109873,2.9180267185205824,295.0,62.40031860960135,1.2682162982313787,-8.775597740271984,-21.362633445798906,44.65690669354717,48.71755658527529,18.873288963138528,1.196321076365124,70.55323871486225
-16908.0,11.0,305999.4151513103,galetzka_mainshock,,3110996.705475708,175,133.61457917185922,2.2344034953427725,295.0,63.34297276486922,1.3503075990081874,-9.87681699436418,-21.706882620174525,44.86317540139456,49.13485722929421,19.50039188570632,0.364781969222857,71.76889884743838
-16908.0,11.0,296991.8068311657,galetzka_mainshock,,3115336.5679708775,176,125.28568424940624,1.4529293527560103,295.0,62.44385467256716,0.8806201477691614,-9.763166905627674,-22.077347575601692,46.3836732848298,49.11704118809879,19.916306364512188,0.564760943491992,71.00655435059298
-16908.0,11.0,287980.36190197966,galetzka_mainshock,,3119672.7345945938,177,82.50586998822187,1.1940997268235178,295.0,63.24741644717553,-0.0345487838132719,-7.479151679412584,-23.213084528844316,47.44146034975122,49.48005298684321,19.785117769949267,3.129382292382128,71.79706778431547
-16908.0,11.0,278975.0865397261,galetzka_mainshock,,3124016.1460494637,178,71.14672513800409,1.1391143972402422,295.0,68.4883507886657,-0.485070187926252,-5.289623810002135,-25.285215074689397,46.814046441676545,50.11665102048844,19.699067760302995,6.084575902868211,77.20645279712066
-16908.0,11.0,269956.3555061844,galetzka_mainshock,,3128367.2018199754,179,74.25111240166618,0.6556217069316727,295.0,75.2174487536307,-0.19309680021417475,-6.1130021491384365,-26.68247311415903,46.21570656802092,50.58524143181681,20.029426551462905,5.973874805698934,84.3135581363371
-16908.0,11.0,260953.3943270149,galetzka_mainshock,,3132714.289591644,180,55.784518658675395,0.4291784930538808,295.0,79.09241400796652,0.1308834146047909,-8.689126621284943,-27.113034205690862,47.27544199669917,51.35087956640042,20.874611006961302,3.799399197398084,88.64028705469123
-18816.0,11.0,436360.23960157775,galetzka_mainshock,,3059074.68459523,181,81.0278427997198,0.5012937079607124,295.0,81.91364444301689,2.5012078700199702,-12.989294741620661,-20.300429828530312,46.73771286770281,50.52619984538134,16.501692123735413,-3.164197000530001,89.76459572024767
-18816.0,11.0,427350.5460069487,galetzka_mainshock,,3063412.2603964335,182,85.47017033985577,0.358289169678627,295.0,76.44156350960802,1.9777523190229545,-14.340556833920244,-19.122254881661277,48.79148135995355,50.61298322916136,17.073029763632007,-4.934679665978479,84.30701877444002
-18816.0,11.0,418347.07674949797,galetzka_mainshock,,3067745.5953574507,183,96.05419189411484,0.17521725942383645,295.0,71.29240121354687,1.2248948635473926,-12.743208882427874,-19.177323164252865,50.14991897769102,50.915891665411635,17.441871890563718,-3.4755483027049516,79.10803340846924
-18816.0,11.0,409340.0358318494,galetzka_mainshock,,3072085.859568589,184,45.0,0.02100672825548995,295.0,70.10996321368486,1.0213564698159683,-10.546124458478383,-20.04196325409337,49.51428368422864,51.26226397458483,17.531820210211567,-1.065466097529855,77.9149142817453
-18816.0,11.0,400329.3419337067,galetzka_mainshock,,3076422.0161122186,185,135.0,0.15641201999846432,295.0,70.35249595865784,1.0674242558698381,-10.498946363682709,-20.583824712537545,48.21603345660835,51.62421447870027,17.942105153199464,-0.6830165891163283,78.32878158266224
-18816.0,11.0,391324.9266473582,galetzka_mainshock,,3080765.0954324,186,135.0,0.4744686501761734,295.0,69.33338524698094,0.7134646207852336,-10.783952085175537,-21.624747002989608,48.35532852386337,52.151522338319516,19.154366523144986,-0.43297282135695225,77.75210105308082
-18816.0,11.0,382316.8380990427,galetzka_mainshock,,3085104.1339290487,187,135.0,0.3973657267555922,295.0,69.19240612143611,0.5869317934133754,-9.737541297046334,-23.343154210333317,48.8873551802622,52.47689200499718,20.26444421703371,1.2112764342200326,78.04366694736673
-18816.0,11.0,373315.0181130441,galetzka_mainshock,,3089450.1476237723,188,48.35050711040215,1.4703750878262325,295.0,71.3017069825042,1.0509560741131094,-8.74319064472149,-24.791983931887664,49.00170966484247,52.56325162500207,20.78089727502234,2.638000606057762,80.4269095277952
-18816.0,11.0,364309.5045453864,galetzka_mainshock,,3093792.187317972,189,79.2768267302354,2.2406266668055164,295.0,75.04574423737239,1.8741621099573198,-8.467056385643243,-25.48674520327321,48.646626278619664,52.26050612977813,20.61490222586718,3.074748530517727,84.23839152511867
-18816.0,11.0,355300.2819595021,galetzka_mainshock,,3098130.293634087,190,83.76223569481161,3.002174178824407,295.0,78.85900599016014,2.6218147704136627,-9.46902228404107,-24.73431353600777,48.26346424732135,51.32273849009748,19.611183789092625,1.738962043130019,87.80630566841344
-18816.0,11.0,346287.33479605854,galetzka_mainshock,,3102464.507203802,191,74.25956829149524,2.798439950329469,295.0,79.76711056314198,2.3813340189525993,-11.373125761932098,-22.714802892784093,48.642017081122596,50.574785710922335,18.353269701592694,-0.8456716850366941,88.27054214313691
-18816.0,11.0,337280.6257345922,galetzka_mainshock,,3106805.815173443,192,93.00363538804035,1.8646616496965345,295.0,77.97602921869627,1.298840155042103,-11.830959392558874,-21.48197971695668,49.96995066966816,50.52632878292283,17.713836263548185,-1.7322521267070126,86.17559348106923
-18816.0,11.0,328280.1551986061,galetzka_mainshock,,3111154.2364929304,193,127.27256973772518,0.8887439483900862,295.0,76.78628513981293,0.2363942919118888,-10.195265873933955,-21.566246743678228,50.78889738912371,50.87254564128961,17.294771456255784,-0.14632891480687366,84.7848665972321
-18816.0,11.0,319265.945362436,galetzka_mainshock,,3115487.926008068,194,133.77743761543368,0.7105495067903431,295.0,78.40633320425758,-0.03686668378396379,-8.81447494468518,-22.475960126503292,49.828817982796295,51.25923870693015,17.202886556238703,1.591441365261223,86.43388665030774
-18816.0,11.0,310258.1300482345,galetzka_mainshock,,3119839.877018828,195,135.0,0.6154657423447709,295.0,80.48357498865494,0.1044413276594836,-9.686985135402294,-22.928058302809507,49.55654625459876,51.42008661088645,17.571518541859618,1.0170844417161478,88.73410419118531
-18816.0,11.0,301256.1798134014,galetzka_mainshock,,3124176.864440527,196,123.399283397538,0.39675165141433255,295.0,79.80269783158982,-0.1633509305677968,-10.016631192432689,-22.913635390860833,51.14618806333037,51.50621655347778,17.84410606428172,0.6407911732742858,88.13075180446667
-18816.0,11.0,292240.8079372414,galetzka_mainshock,,3128521.412723045,197,86.43877244814358,0.4286878001343168,295.0,79.96306807762282,-0.7141493120131781,-7.8056689571082885,-23.34585938508431,52.91274094901586,51.772017678556026,17.331878778995254,2.744971620564474,88.08607175323968
-18816.0,11.0,283231.4482969064,galetzka_mainshock,,3132862.1451868764,198,87.1559813739925,0.5819968380747442,295.0,83.92503511026122,-1.010949733449956,-4.676738293986898,-24.02497403474082,52.76401082021505,52.07433169379142,15.9333531862926,5.879744444451726,91.6387939944252
-18816.0,11.0,274228.28702501283,galetzka_mainshock,,3137210.162468907,199,73.21608615536437,0.5554728041047554,295.0,90.38117508197323,-0.9898065449860534,-4.181919640705992,-24.3140463388911,51.68238573557336,52.46678558103278,14.800344687733704,6.5450241935452205,97.88497613226778
-18816.0,11.0,265211.49991747004,galetzka_mainshock,,3141554.789875166,200,78.55411437432649,0.466150538362877,295.0,95.13070430682095,-1.153917717081063,-5.708624190195721,-24.22448859091082,51.890848742932924,53.14794812844154,14.521940281475265,5.204303421575933,102.69002852420984
-20724.0,11.0,440615.38781204674,galetzka_mainshock,,3067915.2961224746,201,69.30900594271162,0.4169216197320547,295.0,96.39112735929373,1.2699662640842266,-12.942093766071169,-21.493573318539923,49.55868507631403,52.742108714921486,15.032758235795326,-2.5204336501055122,104.16286348106763
-20724.0,11.0,431610.9054869749,galetzka_mainshock,,3072249.8636511536,202,53.81389666525561,0.2651208805431968,295.0,91.78864221741546,0.6162933579853722,-14.820877661022125,-21.06177243472365,51.578519226811736,53.25898050866202,16.321462790086443,-4.400709702491708,99.889147058394
-20724.0,11.0,422602.893703768,galetzka_mainshock,,3076591.3376720995,203,56.60145254286295,0.1514861467890711,295.0,86.99028781875937,-0.019907949668559813,-14.043389713390392,-21.520679571369705,53.4738550166933,53.56205593142224,17.319931728531024,-3.55697235872111,95.30185069151102
-20724.0,11.0,413601.129680117,galetzka_mainshock,,3080928.610943712,204,135.0,0.004485036891710034,295.0,85.1388114421848,-0.19339878392441792,-11.866941976690786,-22.290291668982675,53.65848274747441,53.559487324789956,17.441493691353557,-1.2938079391999366,93.43079260599647
-20724.0,11.0,404595.8327966877,galetzka_mainshock,,3085272.857915235,205,135.0,0.00953971900634395,295.0,85.5282059429197,-0.3089184680198074,-10.891578952306132,-22.986589549848073,52.74801325546378,53.691021439639215,17.54467968598347,-0.04688602628058933,93.88278533375437
-20724.0,11.0,395586.8209189144,galetzka_mainshock,,3089601.9629581864,206,135.0,0.8792165717273532,295.0,86.05780481015472,-0.4999678326643865,-10.699342967457941,-23.98667204114109,52.582743544123716,53.86072447522177,18.2037083100325,0.5869390521303228,94.70087737867186
-20724.0,11.0,386584.2036048995,galetzka_mainshock,,3093949.1092800093,207,107.90146478650179,1.7575910538290755,295.0,87.04466609071278,-0.5899109799497468,-9.797369405082943,-25.188599495449324,53.0512674690732,53.835276572526844,18.67428200995595,1.8629394858556823,95.91685461534391
-20724.0,11.0,377577.94714181894,galetzka_mainshock,,3098292.258957141,208,68.66100882509738,2.816272941318011,295.0,89.85229220562397,-0.08915839625058058,-9.068491602896696,-26.096863803287864,52.967041509722925,53.60894942878813,18.660235824283827,2.816384484428004,98.82188154631662
-20724.0,11.0,368568.0361752582,galetzka_mainshock,,3102631.4526334587,209,78.657888984601,2.6888114716357485,295.0,93.18699861187926,0.8797654829831435,-9.224865193784176,-25.804777642293107,52.57037596987468,53.08765550262291,17.89701738278621,2.4281462028430045,101.96962285014634
-20724.0,11.0,359564.28186087403,galetzka_mainshock,,3106966.615544088,210,75.1624401313306,2.0054709755067512,295.0,95.40775968773089,1.617588778960129,-10.528910432568855,-24.179802057792493,52.31635827537214,52.571106290490455,16.644451324630644,0.48418648242272866,103.76776599928613
-20724.0,11.0,350556.97417910176,galetzka_mainshock,,3111308.9685279587,211,66.7262294109853,0.8556026445143797,295.0,94.71535425921947,1.4422752056822365,-12.098168284277316,-22.032470147622618,53.02093432267957,52.45914188646286,15.565804166476232,-1.8409160259081023,102.61631324483534
-20724.0,11.0,341545.9759714522,galetzka_mainshock,,3115647.472959004,212,73.97767530523029,0.19182145324493816,295.0,92.20661769027176,0.49381763728388617,-12.164881986737619,-20.58956141895255,54.398529059365025,52.809869039716524,14.813301377934668,-2.4575838202175553,99.71259048854422
-20724.0,11.0,332541.24440256675,galetzka_mainshock,,3119993.1119052065,213,67.03608242644714,0.30936711606116124,295.0,90.32568503209856,-0.4402998639647676,-10.295209150737263,-20.540308196738515,55.220034680034374,53.28241016311331,14.35774941362827,-0.7255849241904028,97.58083950421404
-20724.0,11.0,323532.80171235825,galetzka_mainshock,,3124334.9691044283,214,114.35318479649023,0.2815742220090468,295.0,91.35349423250267,-0.6699515989056515,-8.325172138390657,-21.03412709539296,54.53399534176,53.30257376310138,13.755452142688346,1.3117124714501032,98.41673333695725
-20724.0,11.0,314520.63210974523,galetzka_mainshock,,3128673.0852190177,215,76.92828750148462,0.2796873283668747,295.0,93.45892815104327,-0.7454679459731234,-8.317471172517433,-20.98231967064101,53.820742217355686,53.26865252598262,13.274630449279424,1.355981593148387,100.41894553150574
-20724.0,11.0,305514.70902124,galetzka_mainshock,,3133018.421539127,216,55.013160552783106,0.3805274940132448,295.0,93.61870838732546,-1.0542082603361689,-8.735418860764415,-21.054950334887636,54.775651577253065,53.63618975680213,13.513698012151034,1.009222203852257,100.67232486762568
-20724.0,11.0,296505.0382512759,galetzka_mainshock,,3137360.0835831063,217,72.06928003052555,0.3492744436685856,295.0,93.71112972344409,-1.298718293794349,-7.379988449793412,-21.506023886081344,56.665885497767874,54.1479856061559,13.45120391065223,2.3314661511914303,100.72071667795498
-20724.0,11.0,287501.6043215733,galetzka_mainshock,,3141709.018100103,218,64.05757670726814,0.43582643758725786,295.0,96.08255351601612,-1.2340342496618435,-4.703535478335239,-21.891930103560203,57.2981471139852,54.574879139584375,12.378666427949913,4.849741519515527,102.73177773171453
-20724.0,11.0,278484.6040473277,galetzka_mainshock,,3146054.5293087973,219,88.87942503751947,0.5521956052894662,295.0,101.0147569324589,-1.1846898354626876,-3.249383967034694,-21.769886006014456,56.627196353077906,55.041324474081144,10.838888263192416,6.169879708106554,107.22372167032746
-20724.0,11.0,269483.41492964176,galetzka_mainshock,,3150396.1054116213,220,80.922078708365,0.461561202199665,295.0,105.49589349667647,-1.3071212112210189,-3.8244894591402407,-21.598474143070764,56.334079811153416,55.73435227722386,10.16011855114388,5.674210249044136,111.58996556688156
-22632.0,11.0,444874.28358988214,galetzka_mainshock,,3076746.267238732,221,89.93766115954382,0.32959019508164983,295.0,108.77166801678771,0.15821587228086204,-11.532443691650105,-20.757341340136954,52.547080749814114,54.27215907943327,11.718665446171944,-1.5419839906343953,115.65370808043467
-22632.0,11.0,435865.2200870815,galetzka_mainshock,,3081088.938211705,222,76.77292354442787,0.2396476406226441,295.0,105.61916868835237,-0.691784449465432,-13.474992292022845,-20.439663097037908,54.12292463509293,54.70064482732968,12.800046802538958,-3.381576033896916,112.81502091116782
-22632.0,11.0,426862.45467156643,galetzka_mainshock,,3085427.396518927,223,64.40184731256589,0.20756304859246985,295.0,101.91479467926911,-1.369820124630018,-13.320084077505172,-21.04435497110576,55.88955386244143,54.97353605835391,13.945117179154384,-3.0189100019334956,109.42702812491542
-22632.0,11.0,417856.19860700157,galetzka_mainshock,,3089772.805741638,224,45.0,0.004254661502399456,295.0,99.90521455878417,-1.4672815514155488,-11.89308580421188,-21.924845984942685,56.74118768866255,54.92725218599045,14.509630516220053,-1.437766951017327,107.5650669558883
-22632.0,11.0,408856.1297464194,galetzka_mainshock,,3094102.9759662338,225,135.0,0.008320101230153394,295.0,99.7958017812268,-1.4429862621164893,-10.471922521027638,-22.50985083956593,56.64016344628204,54.77745011703952,14.44189546677526,0.06272666588223903,107.42880050934318
-22632.0,11.0,399842.8101137547,galetzka_mainshock,,3098451.3244598326,226,131.4840713279146,0.22633956459267124,295.0,100.97026833381389,-1.5469590455648905,-9.664117806849674,-23.055082729586957,56.32773821785058,54.65032756047336,14.318618078596202,1.0338815685694818,108.60899690659014
-22632.0,11.0,390845.46968073095,galetzka_mainshock,,3102784.410705907,227,93.8023196856525,1.0910015296969109,295.0,102.38300018638084,-1.5264556409300984,-8.876066457419288,-23.60908824680682,56.528370867575205,54.434660989028025,14.187226963239508,1.9318680492991702,110.02904980338859
-22632.0,11.0,381834.78928258846,galetzka_mainshock,,3107124.6789114657,228,77.37846663843614,1.7097157799178204,295.0,105.03682154676123,-1.0439939020278846,-8.232561323639635,-23.7779147158136,56.21001243898334,54.16338832476151,13.596709990426703,2.518672201232941,112.54496508908285
-22632.0,11.0,372830.4340170475,galetzka_mainshock,,3111471.983784715,229,81.17049783095119,1.6093718994999262,295.0,107.65898844863653,-0.26285993100524724,-8.784729674157568,-23.14352029099689,55.52775690784147,53.985670315194504,12.850756756807133,1.7053191706296453,114.95573302245215
-22632.0,11.0,363822.45840253204,galetzka_mainshock,,3115815.3768266323,230,92.59260007212583,0.9641869222282576,295.0,108.86258516179696,0.35846140870094817,-10.391272400852298,-21.727639677221415,55.27949778797187,53.94921374707545,12.140285210666043,-0.37206037130609115,115.90376999743688
-22632.0,11.0,354810.8469472224,galetzka_mainshock,,3120154.8987068483,231,63.08160101299617,0.20029110084075127,295.0,107.18852249239855,0.2320510625778927,-12.051475244476148,-19.930850743574105,56.169644986821126,54.323542605650076,11.663749047050679,-2.616668627172812,113.95692412436804
-22632.0,11.0,345805.3967202629,galetzka_mainshock,,3124490.4627226675,232,85.58461524234771,0.009958856730569024,295.0,103.81883728403888,-0.41139151586710176,-12.004050185347728,-18.99182124783106,57.70660592366236,55.09764082489391,11.56542810154053,-2.940871475739556,110.3988040423922
-22632.0,11.0,336796.42531953496,galetzka_mainshock,,3128833.302257725,233,113.90241451044665,0.027792578181953544,295.0,101.59124302983317,-0.9246788632004939,-10.263955360883397,-19.004658877853768,58.6088379572456,55.45463325049305,11.323062548554619,-1.3643531312806565,107.98341380899971
-22632.0,11.0,327793.58804013627,galetzka_mainshock,,3133172.235472018,234,117.74636631624529,0.2301537281905292,295.0,101.67243202840028,-1.0345750703550667,-8.272960557658925,-19.189567192584267,58.34477450667797,55.47444502694745,10.661521583125527,0.5178834275361643,107.80502969809436
-22632.0,11.0,318787.2262935181,galetzka_mainshock,,3137518.5116417943,235,128.9596631941454,0.4013689411252445,295.0,102.87009647754485,-1.1294996736532354,-7.511434251270663,-19.058161370063523,57.78263424560533,55.52569321972515,10.003831706094346,1.1973373786790134,108.7891442617272
-22632.0,11.0,309777.1717921233,galetzka_mainshock,,3141861.09089634,236,107.51850464735737,0.29595652800538125,295.0,103.75797731675102,-1.3974845410369692,-7.33890029853525,-19.115508051711487,58.124800329028474,55.816981466053036,9.835921490265253,1.4037736750972791,109.64031589926094
-22632.0,11.0,300773.3925950761,galetzka_mainshock,,3146210.930338933,237,108.7370769823623,0.4317833947710356,295.0,104.4171138150104,-1.57158244356035,-6.530844599636851,-19.29547361540602,59.52239657111187,56.215508916682666,9.630146031221978,2.145661943838355,110.22477724376859
-22632.0,11.0,291765.7037723735,galetzka_mainshock,,3150546.057200777,238,107.42991992459473,0.2893979866826996,295.0,106.0118716107514,-1.458953926789242,-4.5011141870143385,-19.403736146833484,60.42221896379719,56.643046200140695,8.739116771801328,3.9480072389831395,111.49866928169966
-22632.0,11.0,282754.6777953505,galetzka_mainshock,,3154899.7595642633,239,80.98674133419678,0.3233628475582809,295.0,109.60993789861853,-1.2873844610232827,-2.7811314359875356,-19.205691406624965,60.469592490150376,57.13565721838996,7.32679113389574,5.407538103338067,114.64602376026261
-22632.0,11.0,273739.7100421353,galetzka_mainshock,,3159238.830760039,240,63.03672218936393,0.3088531689978265,295.0,113.86027294833694,-1.360157236945661,-2.398427687063899,-18.758452641829606,60.151488404711145,57.662453964400875,6.064872131969075,5.63314868822564,118.54083866876384
-24540.0,11.0,449136.9867983016,galetzka_mainshock,,3085589.7719851993,241,84.97125653735608,0.3803640785891854,295.0,118.66956855670811,-0.7178391117128412,-9.971263532781027,-18.751201816874385,55.4253518297922,55.30204417094374,7.6962658675568925,-1.0129640387806864,124.28806611010907
-24540.0,11.0,440133.1440512953,galetzka_mainshock,,3089929.3952470873,242,69.8077773231503,0.3190594292604436,295.0,116.37732104995968,-1.5802655413204942,-11.453079379301647,-18.43878561658066,56.52984297798755,55.83702643183367,8.439238362918536,-2.396723638139626,122.2069291669088
-24540.0,11.0,431125.78933273815,galetzka_mainshock,,3094264.868708635,243,90.87223940518595,0.2344171629643401,295.0,113.78775881250657,-2.1742147101993106,-11.559533021412985,-18.991366262737838,57.99639382691654,56.0288687557962,9.42368123829266,-2.282503986087762,119.91481550641431
-24540.0,11.0,422114.9795164561,galetzka_mainshock,,3098607.3111418863,244,83.23098827789799,0.17846400092175455,295.0,112.26346617300182,-2.36972428683934,-10.676656250671323,-19.655869514231338,58.992789835568885,55.82696554271232,9.895844896403414,-1.2849729226530684,118.52683950020594
-24540.0,11.0,413110.4728518426,galetzka_mainshock,,3102945.614164181,245,94.88779558280788,0.10149910474107643,295.0,111.86887008911621,-2.288363419073357,-9.552671596843528,-20.08729763631287,59.36038072176264,55.54208044152882,9.872003116393607,-0.1636978214497206,118.11127919790415
-24540.0,11.0,404102.5078110565,galetzka_mainshock,,3107290.953357905,246,118.01432507447748,0.1816657406584962,295.0,112.63668245273166,-2.200333126630677,-8.43387460733964,-20.271571734176614,59.34217749495721,55.31694437972649,9.4220273357096,0.8821734220293563,118.7321807180452
-24540.0,11.0,395100.8190002246,galetzka_mainshock,,3111632.2049590857,247,81.52863341366181,0.3205169659924416,295.0,114.09272567046004,-2.0920951072151,-7.629839404936997,-20.343618734362575,59.27651082338621,55.13654325138598,8.880369527908282,1.6057167903972218,120.02957830632072
-24540.0,11.0,386095.5627007378,galetzka_mainshock,,3115969.4809202664,248,68.22039263050154,0.5709667823963143,295.0,116.0314322261597,-1.697605615077886,-7.149934957228706,-20.09845532972841,58.77707777769252,54.99897032864997,8.141910131588794,1.9090221348170968,121.74212934321037
-24540.0,11.0,377086.8380008098,galetzka_mainshock,,3120313.901192784,249,71.39950801209753,0.6249540556712949,295.0,118.0164539532093,-1.1519705668254685,-7.620112357811499,-19.326300816960938,57.99192625687278,54.962525562137124,7.351909448833406,1.1581913568601807,123.47618572501914
-24540.0,11.0,368084.3438926983,galetzka_mainshock,,3124654.318693761,250,94.48876341434229,0.4156850300275439,295.0,118.73443889583208,-0.8352482430650834,-9.177511218413525,-18.1099209714866,57.54700036483451,55.238157808062475,6.878512016569204,-0.7181625234929523,124.01580209457244
-24540.0,11.0,359078.24649404705,galetzka_mainshock,,3128990.867914275,251,73.59810662402873,0.2960373451931361,295.0,116.96502351955067,-1.0596147223977819,-10.81750861261483,-17.109345540065902,58.350957096783894,55.89879753727073,7.108098119520782,-2.5752446499756383,122.24946757736741
-24540.0,11.0,350068.67052908125,galetzka_mainshock,,3133334.6697075414,252,57.24295357809496,0.15303711322747826,295.0,113.88776186038271,-1.439385281751696,-11.083367733561255,-16.809906293581125,59.74905302372391,56.56728360080562,7.632159101904275,-2.9427354897146234,119.24316129741777
-24540.0,11.0,341065.2792623889,galetzka_mainshock,,3137674.553365125,253,45.0,0.03580788739928677,295.0,111.41351012953082,-1.6117471622342034,-9.859309654990327,-16.910688199718706,60.81274647752211,56.901305490997366,7.762884771787183,-1.844121953852351,116.71151990746017
-24540.0,11.0,332058.4062097369,galetzka_mainshock,,3142021.7569817286,254,91.7232300463716,0.118723692783033,295.0,110.7208040995929,-1.578759315412066,-8.057300337263479,-16.990439225081065,61.044970812263244,56.96567633777012,7.275944107974318,-0.22418127183885664,115.79017914449199
-24540.0,11.0,323047.8953281266,galetzka_mainshock,,3146365.241041297,255,91.75505578078709,0.31913971091927745,295.0,111.2408743132114,-1.5996124782185357,-6.9039337222102946,-16.85214361383199,60.80864200501817,57.124370274139906,6.623897692998355,0.7759737536207382,116.06439352795668
-24540.0,11.0,314043.52302281396,galetzka_mainshock,,3150704.8914454835,256,91.92728122292849,0.27291438332663964,295.0,111.93164769003933,-1.6982401884581377,-6.269919414038239,-16.741779506273055,60.914807103741595,57.43853611743839,6.191072409236367,1.3215418700613342,116.59950809428237
-24540.0,11.0,305035.65866410447,galetzka_mainshock,,3155051.9703089795,257,100.04654675242769,0.3326202805377327,295.0,112.4436004951864,-1.7950202847295098,-5.590565664465031,-16.764775659488762,61.724199502643195,57.91156445826954,5.934270763429358,1.9227604768291,117.00978690549262
-24540.0,11.0,296024.1198900968,galetzka_mainshock,,3159395.4370984714,258,90.44130248215264,0.289258579887287,295.0,113.46102478137057,-1.576460982864102,-4.080062111064884,-16.95913942989422,62.52015909691893,58.372207436932094,5.444004361556967,3.2959095434289334,117.84206795353207
-24540.0,11.0,287018.67332516174,galetzka_mainshock,,3163735.1545573687,259,73.49205486276448,0.24355943678905154,295.0,116.11703099441456,-1.263384008389969,-2.6197999267237053,-16.758543654828358,62.933210769649634,58.80575747836647,4.331206751486415,4.4749225299322335,120.12647099491983
-24540.0,11.0,278009.724317819,galetzka_mainshock,,3168082.409133268,260,61.51014227433334,0.2339397362570113,295.0,119.4276897030172,-1.1259415343786792,-1.7519669321130376,-16.185062380407736,63.07705429485947,59.237530627758915,2.9801101588756573,5.013270717779983,123.00218253374736
