tri,vertex,x,y,z,fault_name
0,a,124496.1,3172901.7,4000.0,tib_dog
0,b,125070.3,3172690.8,3743.0,tib_dog
0,c,124256.8,3172817.9,4156.0,tib_dog
0,m,124607.73333333334,3172803.466666667,3966.3333333333335,tib_dog
1,a,124058.1,3173298.0,4000.0,tib_dog
1,b,124496.1,3172901.7,4000.0,tib_dog
1,c,124256.8,3172817.9,4156.0,tib_dog
1,m,124270.33333333333,3173005.8666666667,4052.0,tib_dog
2,a,125070.3,3172690.8,3743.0,tib_dog
2,b,127437.0,3174632.9,2000.0,tib_dog
2,c,125672.1,3172317.9,3571.0,tib_dog
2,m,126059.8,3173213.8666666667,3104.6666666666665,tib_dog
3,a,125726.7,3175508.9,2000.0,tib_dog
3,b,127437.0,3174632.9,2000.0,tib_dog
3,c,125070.3,3172690.8,3743.0,tib_dog
3,m,126078.0,3174277.533333333,2581.0,tib_dog
4,a,124496.1,3172901.7,4000.0,tib_dog
4,b,125726.7,3175508.9,2000.0,tib_dog
4,c,125070.3,3172690.8,3743.0,tib_dog
4,m,125097.7,3173700.4666666663,3247.6666666666665,tib_dog
5,a,124058.1,3173298.0,4000.0,tib_dog
5,b,125726.7,3175508.9,2000.0,tib_dog
5,c,124496.1,3172901.7,4000.0,tib_dog
5,m,124760.3,3173902.866666667,3333.3333333333335,tib_dog
6,a,123010.9,3174665.5,3678.0,tib_dog
6,b,125726.7,3175508.9,2000.0,tib_dog
6,c,124058.1,3173298.0,4000.0,tib_dog
6,m,124265.23333333332,3174490.8000000003,3226.0,tib_dog
7,a,119917.6,3175818.0,4540.0,tib_dog
7,b,120627.0,3176207.6,4000.0,tib_dog
7,c,120934.6,3175343.5,4324.0,tib_dog
7,m,120493.06666666667,3175789.6999999997,4288.0,tib_dog
8,a,120627.0,3176207.6,4000.0,tib_dog
8,b,121756.6,3175157.0,4021.0,tib_dog
8,c,120934.6,3175343.5,4324.0,tib_dog
8,m,121106.06666666667,3175569.3666666667,4115.0,tib_dog
9,a,125726.7,3175508.9,2000.0,tib_dog
9,b,127113.7,3176989.8,0.0,tib_dog
9,c,127437.0,3174632.9,2000.0,tib_dog
9,m,126759.13333333335,3175710.533333333,1333.3333333333333,tib_dog
10,a,127113.7,3176989.8,0.0,tib_dog
10,b,128532.0,3175988.6,0.0,tib_dog
10,c,127437.0,3174632.9,2000.0,tib_dog
10,m,127694.23333333334,3175870.4333333336,666.6666666666666,tib_dog
11,a,123682.7,3177010.6,2000.0,tib_dog
11,b,125726.7,3175508.9,2000.0,tib_dog
11,c,123010.9,3174665.5,3678.0,tib_dog
11,m,124140.09999999999,3175728.3333333335,2559.3333333333335,tib_dog
12,a,121756.6,3175157.0,4021.0,tib_dog
12,b,123682.7,3177010.6,2000.0,tib_dog
12,c,123010.9,3174665.5,3678.0,tib_dog
12,m,122816.73333333332,3175611.033333333,3233.0,tib_dog
13,a,118917.5,3176513.0,4528.0,tib_dog
13,b,120627.0,3176207.6,4000.0,tib_dog
13,c,119917.6,3175818.0,4540.0,tib_dog
13,m,119820.7,3176179.533333333,4356.0,tib_dog
14,a,127781.1,3177761.5,-1000.0,tib_dog
14,b,128532.0,3175988.6,0.0,tib_dog
14,c,127113.7,3176989.8,0.0,tib_dog
14,m,127808.93333333333,3176913.2999999993,-333.3333333333333,tib_dog
15,a,127781.1,3177761.5,-1000.0,tib_dog
15,b,129199.4,3176718.6,-1000.0,tib_dog
15,c,128532.0,3175988.6,0.0,tib_dog
15,m,128504.16666666667,3176822.9,-666.6666666666666,tib_dog
16,a,117612.4,3177614.7,4666.0,tib_dog
16,b,118437.0,3178053.5,4000.0,tib_dog
16,c,118917.5,3176513.0,4528.0,tib_dog
16,m,118322.3,3177393.733333333,4398.0,tib_dog
17,a,123682.7,3177010.6,2000.0,tib_dog
17,b,125403.4,3178157.8,0.0,tib_dog
17,c,125726.7,3175508.9,2000.0,tib_dog
17,m,124937.59999999999,3176892.4333333336,1333.3333333333333,tib_dog
18,a,125403.4,3178157.8,0.0,tib_dog
18,b,127113.7,3176989.8,0.0,tib_dog
18,c,125726.7,3175508.9,2000.0,tib_dog
18,m,126081.26666666666,3176885.5,666.6666666666666,tib_dog
19,a,120627.0,3176207.6,4000.0,tib_dog
19,b,123682.7,3177010.6,2000.0,tib_dog
19,c,121756.6,3175157.0,4021.0,tib_dog
19,m,122022.10000000002,3176125.0666666664,3340.3333333333335,tib_dog
20,a,121659.5,3178449.8,2000.0,tib_dog
20,b,123682.7,3177010.6,2000.0,tib_dog
20,c,120627.0,3176207.6,4000.0,tib_dog
20,m,121989.73333333334,3177222.6666666665,2666.6666666666665,tib_dog
21,a,127781.1,3177761.5,-1000.0,tib_dog
21,b,130033.7,3178074.3,-2500.0,tib_dog
21,c,129199.4,3176718.6,-1000.0,tib_dog
21,m,129004.73333333332,3177518.1333333333,-1500.0,tib_dog
22,a,128490.3,3179096.4,-2500.0,tib_dog
22,b,130033.7,3178074.3,-2500.0,tib_dog
22,c,127781.1,3177761.5,-1000.0,tib_dog
22,m,128768.36666666665,3178310.733333333,-2000.0,tib_dog
23,a,125945.7,3179054.6,-1000.0,tib_dog
23,b,127113.7,3176989.8,0.0,tib_dog
23,c,125403.4,3178157.8,0.0,tib_dog
23,m,126154.26666666666,3178067.4,-333.3333333333333,tib_dog
24,a,125945.7,3179054.6,-1000.0,tib_dog
24,b,127781.1,3177761.5,-1000.0,tib_dog
24,c,127113.7,3176989.8,0.0,tib_dog
24,m,126946.83333333333,3177935.2999999993,-666.6666666666666,tib_dog
25,a,118437.0,3178053.5,4000.0,tib_dog
25,b,120627.0,3176207.6,4000.0,tib_dog
25,c,118917.5,3176513.0,4528.0,tib_dog
25,m,119327.16666666667,3176924.6999999997,4176.0,tib_dog
26,a,118437.0,3178053.5,4000.0,tib_dog
26,b,121659.5,3178449.8,2000.0,tib_dog
26,c,120627.0,3176207.6,4000.0,tib_dog
26,m,120241.16666666667,3177570.3000000003,3333.3333333333335,tib_dog
27,a,119761.5,3179680.4,2000.0,tib_dog
27,b,121659.5,3178449.8,2000.0,tib_dog
27,c,118437.0,3178053.5,4000.0,tib_dog
27,m,119952.66666666667,3178727.9,2666.6666666666665,tib_dog
28,a,121659.5,3178449.8,2000.0,tib_dog
28,b,123234.2,3179784.7,0.0,tib_dog
28,c,123682.7,3177010.6,2000.0,tib_dog
28,m,122858.8,3178415.033333333,1333.3333333333333,tib_dog
29,a,116595.4,3179360.6,4177.0,tib_dog
29,b,118437.0,3178053.5,4000.0,tib_dog
29,c,117612.4,3177614.7,4666.0,tib_dog
29,m,117548.26666666666,3178342.9333333336,4281.0,tib_dog
30,a,123234.2,3179784.7,0.0,tib_dog
30,b,125403.4,3178157.8,0.0,tib_dog
30,c,123682.7,3177010.6,2000.0,tib_dog
30,m,124106.76666666666,3178317.6999999997,666.6666666666666,tib_dog
31,a,125945.7,3179054.6,-1000.0,tib_dog
31,b,128490.3,3179096.4,-2500.0,tib_dog
31,c,127781.1,3177761.5,-1000.0,tib_dog
31,m,127405.7,3178637.5,-1500.0,tib_dog
32,a,115944.6,3180222.7,4000.0,tib_dog
32,b,116595.4,3179360.6,4177.0,tib_dog
32,c,115781.8,3179953.8,4164.0,tib_dog
32,m,116107.26666666666,3179845.7000000007,4113.666666666667,tib_dog
33,a,126821.7,3180389.5,-2500.0,tib_dog
33,b,128490.3,3179096.4,-2500.0,tib_dog
33,c,125945.7,3179054.6,-1000.0,tib_dog
33,m,127085.90000000001,3179513.5,-2000.0,tib_dog
34,a,124026.8,3180514.7,-1000.0,tib_dog
34,b,125403.4,3178157.8,0.0,tib_dog
34,c,123234.2,3179784.7,0.0,tib_dog
34,m,124221.46666666667,3179485.733333333,-333.3333333333333,tib_dog
35,a,124026.8,3180514.7,-1000.0,tib_dog
35,b,125945.7,3179054.6,-1000.0,tib_dog
35,c,125403.4,3178157.8,0.0,tib_dog
35,m,125125.3,3179242.366666667,-666.6666666666666,tib_dog
36,a,128490.3,3179096.4,-2500.0,tib_dog
36,b,131410.3,3180201.8,-5000.0,tib_dog
36,c,130033.7,3178074.3,-2500.0,tib_dog
36,m,129978.09999999999,3179124.1666666665,-3333.3333333333335,tib_dog
37,a,119761.5,3179680.4,2000.0,tib_dog
37,b,121357.1,3181203.0,0.0,tib_dog
37,c,121659.5,3178449.8,2000.0,tib_dog
37,m,120926.03333333333,3179777.733333333,1333.3333333333333,tib_dog
38,a,116595.4,3179360.6,4177.0,tib_dog
38,b,119761.5,3179680.4,2000.0,tib_dog
38,c,118437.0,3178053.5,4000.0,tib_dog
38,m,118264.63333333335,3179031.5,3392.3333333333335,tib_dog
39,a,129866.9,3181265.5,-5000.0,tib_dog
39,b,131410.3,3180201.8,-5000.0,tib_dog
39,c,128490.3,3179096.4,-2500.0,tib_dog
39,m,129922.5,3180187.9,-4166.666666666667,tib_dog
40,a,121357.1,3181203.0,0.0,tib_dog
40,b,123234.2,3179784.7,0.0,tib_dog
40,c,121659.5,3178449.8,2000.0,tib_dog
40,m,122083.59999999999,3179812.5,666.6666666666666,tib_dog
41,a,114968.2,3181377.6,3881.0,tib_dog
41,b,115944.6,3180222.7,4000.0,tib_dog
41,c,115781.8,3179953.8,4164.0,tib_dog
41,m,115564.86666666665,3180518.0333333337,4015.0,tib_dog
42,a,117550.6,3181307.2,2000.0,tib_dog
42,b,119761.5,3179680.4,2000.0,tib_dog
42,c,116595.4,3179360.6,4177.0,tib_dog
42,m,117969.16666666667,3180116.0666666664,2725.6666666666665,tib_dog
43,a,115944.6,3180222.7,4000.0,tib_dog
43,b,117550.6,3181307.2,2000.0,tib_dog
43,c,116595.4,3179360.6,4177.0,tib_dog
43,m,116696.86666666665,3180296.8333333335,3392.3333333333335,tib_dog
44,a,125069.7,3181682.7,-2500.0,tib_dog
44,b,125945.7,3179054.6,-1000.0,tib_dog
44,c,124026.8,3180514.7,-1000.0,tib_dog
44,m,125014.06666666667,3180417.3333333335,-1500.0,tib_dog
45,a,125069.7,3181682.7,-2500.0,tib_dog
45,b,126821.7,3180389.5,-2500.0,tib_dog
45,c,125945.7,3179054.6,-1000.0,tib_dog
45,m,125945.7,3180375.6,-2000.0,tib_dog
46,a,128490.3,3179096.4,-2500.0,tib_dog
46,b,128740.6,3182016.4,-5000.0,tib_dog
46,c,129866.9,3181265.5,-5000.0,tib_dog
46,m,129032.60000000002,3180792.766666667,-4166.666666666667,tib_dog
47,a,126821.7,3180389.5,-2500.0,tib_dog
47,b,128740.6,3182016.4,-5000.0,tib_dog
47,c,128490.3,3179096.4,-2500.0,tib_dog
47,m,128017.53333333333,3180500.766666667,-3333.3333333333335,tib_dog
48,a,122024.5,3181974.7,-1000.0,tib_dog
48,b,123234.2,3179784.7,0.0,tib_dog
48,c,121357.1,3181203.0,0.0,tib_dog
48,m,122205.26666666668,3180987.466666667,-333.3333333333333,tib_dog
49,a,122024.5,3181974.7,-1000.0,tib_dog
49,b,124026.8,3180514.7,-1000.0,tib_dog
49,c,123234.2,3179784.7,0.0,tib_dog
49,m,123095.16666666667,3180758.0333333337,-666.6666666666666,tib_dog
50,a,117550.6,3181307.2,2000.0,tib_dog
50,b,119271.3,3182579.5,0.0,tib_dog
50,c,119761.5,3179680.4,2000.0,tib_dog
50,m,118861.13333333335,3181189.033333333,1333.3333333333333,tib_dog
51,a,119271.3,3182579.5,0.0,tib_dog
51,b,121357.1,3181203.0,0.0,tib_dog
51,c,119761.5,3179680.4,2000.0,tib_dog
51,m,120129.96666666667,3181154.3000000003,666.6666666666666,tib_dog
52,a,114968.2,3181377.6,3881.0,tib_dog
52,b,117550.6,3181307.2,2000.0,tib_dog
52,c,115944.6,3180222.7,4000.0,tib_dog
52,m,116154.46666666667,3180969.1666666665,3293.6666666666665,tib_dog
53,a,127364.0,3182809.0,-5000.0,tib_dog
53,b,128740.6,3182016.4,-5000.0,tib_dog
53,c,126821.7,3180389.5,-2500.0,tib_dog
53,m,127642.09999999999,3181738.3000000003,-4166.666666666667,tib_dog
54,a,123609.7,3182934.1,-2500.0,tib_dog
54,b,125069.7,3181682.7,-2500.0,tib_dog
54,c,124026.8,3180514.7,-1000.0,tib_dog
54,m,124235.40000000001,3181710.5,-2000.0,tib_dog
55,a,122024.5,3181974.7,-1000.0,tib_dog
55,b,123609.7,3182934.1,-2500.0,tib_dog
55,c,124026.8,3180514.7,-1000.0,tib_dog
55,m,123220.33333333333,3181807.8333333335,-1500.0,tib_dog
56,a,125069.7,3181682.7,-2500.0,tib_dog
56,b,127364.0,3182809.0,-5000.0,tib_dog
56,c,126821.7,3180389.5,-2500.0,tib_dog
56,m,126418.46666666667,3181627.0666666664,-3333.3333333333335,tib_dog
57,a,129866.9,3181265.5,-5000.0,tib_dog
57,b,132682.6,3182204.1,-7500.0,tib_dog
57,c,131410.3,3180201.8,-5000.0,tib_dog
57,m,131319.93333333332,3181223.7999999993,-5833.333333333333,tib_dog
58,a,131055.7,3183247.0,-7500.0,tib_dog
58,b,132682.6,3182204.1,-7500.0,tib_dog
58,c,129866.9,3181265.5,-5000.0,tib_dog
58,m,131201.7333333333,3182238.8666666667,-6666.666666666667,tib_dog
59,a,129199.4,3176718.6,-1000.0,tib_dog
59,b,127437.0,3174632.9,2000.0,tib_dog
59,c,128532.0,3175988.6,0.0,tib_dog
59,m,128389.46666666667,3175780.033333333,333.3333333333333,tib_dog
60,a,125987.4,3183768.4,-5000.0,tib_dog
60,b,127364.0,3182809.0,-5000.0,tib_dog
60,c,125069.7,3181682.7,-2500.0,tib_dog
60,m,126140.36666666665,3182753.366666667,-4166.666666666667,tib_dog
61,a,114797.4,3183726.7,2000.0,tib_dog
61,b,114968.2,3181377.6,3881.0,tib_dog
61,c,113934.3,3182682.7,3644.0,tib_dog
61,m,114566.63333333332,3182595.6666666665,3175.0,tib_dog
62,a,119271.3,3182579.5,0.0,tib_dog
62,b,122024.5,3181974.7,-1000.0,tib_dog
62,c,121357.1,3181203.0,0.0,tib_dog
62,m,120884.3,3181919.0666666664,-333.3333333333333,tib_dog
63,a,128740.6,3182016.4,-5000.0,tib_dog
63,b,131055.7,3183247.0,-7500.0,tib_dog
63,c,129866.9,3181265.5,-5000.0,tib_dog
63,m,129887.73333333332,3182176.3000000003,-5833.333333333333,tib_dog
64,a,123609.7,3182934.1,-2500.0,tib_dog
64,b,125987.4,3183768.4,-5000.0,tib_dog
64,c,125069.7,3181682.7,-2500.0,tib_dog
64,m,124888.93333333333,3182795.0666666664,-3333.3333333333335,tib_dog
65,a,131055.7,3183247.0,-7500.0,tib_dog
65,b,132380.2,3184404.6,-10000.0,tib_dog
65,c,132682.6,3182204.1,-7500.0,tib_dog
65,m,132039.5,3183285.233333333,-8333.333333333334,tib_dog
66,a,132380.2,3184404.6,-10000.0,tib_dog
66,b,133715.0,3183528.6,-10000.0,tib_dog
66,c,132682.6,3182204.1,-7500.0,tib_dog
66,m,132925.93333333335,3183379.1,-9166.666666666666,tib_dog
67,a,121982.8,3184394.1,-2500.0,tib_dog
67,b,123609.7,3182934.1,-2500.0,tib_dog
67,c,122024.5,3181974.7,-1000.0,tib_dog
67,m,122539.0,3183100.966666667,-2000.0,tib_dog
68,a,111103.7,3184140.4,3865.0,tib_dog
68,b,110052.8,3184462.5,4119.0,tib_dog
68,c,110469.5,3184415.0,4000.0,tib_dog
68,m,110542.0,3184339.3000000003,3994.6666666666665,tib_dog
69,a,119563.3,3183893.6,-1000.0,tib_dog
69,b,122024.5,3181974.7,-1000.0,tib_dog
69,c,119271.3,3182579.5,0.0,tib_dog
69,m,120286.36666666665,3182815.9333333336,-666.6666666666666,tib_dog
70,a,114797.4,3183726.7,2000.0,tib_dog
70,b,117550.6,3181307.2,2000.0,tib_dog
70,c,114968.2,3181377.6,3881.0,tib_dog
70,m,115772.06666666667,3182137.1666666665,2627.0,tib_dog
71,a,129303.7,3184498.4,-7500.0,tib_dog
71,b,131055.7,3183247.0,-7500.0,tib_dog
71,c,128740.6,3182016.4,-5000.0,tib_dog
71,m,129700.0,3183253.9333333336,-6666.666666666667,tib_dog
72,a,127364.0,3182809.0,-5000.0,tib_dog
72,b,129303.7,3184498.4,-7500.0,tib_dog
72,c,128740.6,3182016.4,-5000.0,tib_dog
72,m,128469.43333333335,3183107.9333333336,-5833.333333333333,tib_dog
73,a,119563.3,3183893.6,-1000.0,tib_dog
73,b,121982.8,3184394.1,-2500.0,tib_dog
73,c,122024.5,3181974.7,-1000.0,tib_dog
73,m,121190.2,3183420.8000000003,-1500.0,tib_dog
74,a,130993.2,3185249.3,-10000.0,tib_dog
74,b,132380.2,3184404.6,-10000.0,tib_dog
74,c,131055.7,3183247.0,-7500.0,tib_dog
74,m,131476.36666666667,3184300.3000000003,-9166.666666666666,tib_dog
75,a,129303.7,3184498.4,-7500.0,tib_dog
75,b,130993.2,3185249.3,-10000.0,tib_dog
75,c,131055.7,3183247.0,-7500.0,tib_dog
75,m,130450.86666666665,3184331.5666666664,-8333.333333333334,tib_dog
76,a,112154.6,3183292.9,3966.0,tib_dog
76,b,114797.4,3183726.7,2000.0,tib_dog
76,c,113934.3,3182682.7,3644.0,tib_dog
76,m,113628.76666666666,3183234.1,3203.3333333333335,tib_dog
77,a,123609.7,3182934.1,-2500.0,tib_dog
77,b,124819.4,3185437.0,-5000.0,tib_dog
77,c,125987.4,3183768.4,-5000.0,tib_dog
77,m,124805.5,3184046.5,-4166.666666666667,tib_dog
78,a,109259.8,3185541.3,4000.0,tib_dog
78,b,110052.8,3184462.5,4119.0,tib_dog
78,c,108645.9,3185089.6,4492.0,tib_dog
78,m,109319.5,3185031.1333333333,4203.666666666667,tib_dog
79,a,127364.0,3182809.0,-5000.0,tib_dog
79,b,127927.1,3185708.1,-7500.0,tib_dog
79,c,129303.7,3184498.4,-7500.0,tib_dog
79,m,128198.26666666666,3184338.5,-6666.666666666667,tib_dog
80,a,125987.4,3183768.4,-5000.0,tib_dog
80,b,127927.1,3185708.1,-7500.0,tib_dog
80,c,127364.0,3182809.0,-5000.0,tib_dog
80,m,127092.83333333333,3184095.1666666665,-5833.333333333333,tib_dog
81,a,119271.3,3182579.5,0.0,tib_dog
81,b,117727.9,3185895.9,-1000.0,tib_dog
81,c,119563.3,3183893.6,-1000.0,tib_dog
81,m,118854.16666666667,3184123.0,-666.6666666666666,tib_dog
82,a,117550.6,3181307.2,2000.0,tib_dog
82,b,117727.9,3185895.9,-1000.0,tib_dog
82,c,119271.3,3182579.5,0.0,tib_dog
82,m,118183.26666666666,3183260.8666666667,333.3333333333333,tib_dog
83,a,114797.4,3183726.7,2000.0,tib_dog
83,b,117727.9,3185895.9,-1000.0,tib_dog
83,c,117550.6,3181307.2,2000.0,tib_dog
83,m,116691.96666666667,3183643.266666667,1000.0,tib_dog
84,a,121982.8,3184394.1,-2500.0,tib_dog
84,b,124819.4,3185437.0,-5000.0,tib_dog
84,c,123609.7,3182934.1,-2500.0,tib_dog
84,m,123470.63333333335,3184255.0666666664,-3333.3333333333335,tib_dog
85,a,111103.7,3184140.4,3865.0,tib_dog
85,b,112670.0,3186146.2,2000.0,tib_dog
85,c,112154.6,3183292.9,3966.0,tib_dog
85,m,111976.10000000002,3184526.5,3277.0,tib_dog
86,a,116309.6,3186125.3,0.0,tib_dog
86,b,117727.9,3185895.9,-1000.0,tib_dog
86,c,114797.4,3183726.7,2000.0,tib_dog
86,m,116278.3,3185249.2999999993,333.3333333333333,tib_dog
87,a,112670.0,3186146.2,2000.0,tib_dog
87,b,114797.4,3183726.7,2000.0,tib_dog
87,c,112154.6,3183292.9,3966.0,tib_dog
87,m,113207.33333333333,3184388.6,2655.3333333333335,tib_dog
88,a,120230.8,3186313.0,-2500.0,tib_dog
88,b,121982.8,3184394.1,-2500.0,tib_dog
88,c,119563.3,3183893.6,-1000.0,tib_dog
88,m,120592.3,3184866.9,-2000.0,tib_dog
89,a,129658.3,3186500.7,-10000.0,tib_dog
89,b,130993.2,3185249.3,-10000.0,tib_dog
89,c,129303.7,3184498.4,-7500.0,tib_dog
89,m,129985.06666666667,3185416.1333333333,-9166.666666666666,tib_dog
90,a,109259.8,3185541.3,4000.0,tib_dog
90,b,110469.5,3184415.0,4000.0,tib_dog
90,c,110052.8,3184462.5,4119.0,tib_dog
90,m,109927.36666666665,3184806.266666667,4039.6666666666665,tib_dog
91,a,127927.1,3185708.1,-7500.0,tib_dog
91,b,129658.3,3186500.7,-10000.0,tib_dog
91,c,129303.7,3184498.4,-7500.0,tib_dog
91,m,128963.03333333334,3185569.066666667,-8333.333333333334,tib_dog
92,a,121982.8,3184394.1,-2500.0,tib_dog
92,b,123359.4,3186730.2,-5000.0,tib_dog
92,c,124819.4,3185437.0,-5000.0,tib_dog
92,m,123387.2,3185520.4333333336,-4166.666666666667,tib_dog
93,a,117727.9,3185895.9,-1000.0,tib_dog
93,b,120230.8,3186313.0,-2500.0,tib_dog
93,c,119563.3,3183893.6,-1000.0,tib_dog
93,m,119174.0,3185367.5,-1500.0,tib_dog
94,a,107917.1,3186682.9,4004.0,tib_dog
94,b,109259.8,3185541.3,4000.0,tib_dog
94,c,108645.9,3185089.6,4492.0,tib_dog
94,m,108607.60000000002,3185771.266666666,4165.333333333333,tib_dog
95,a,124819.4,3185437.0,-5000.0,tib_dog
95,b,127927.1,3185708.1,-7500.0,tib_dog
95,c,125987.4,3183768.4,-5000.0,tib_dog
95,m,126244.63333333335,3184971.1666666665,-5833.333333333333,tib_dog
96,a,124819.4,3185437.0,-5000.0,tib_dog
96,b,126884.3,3186876.2,-7500.0,tib_dog
96,c,127927.1,3185708.1,-7500.0,tib_dog
96,m,126543.60000000002,3186007.1,-6666.666666666667,tib_dog
97,a,106849.3,3186988.0,4336.0,tib_dog
97,b,107917.1,3186682.9,4004.0,tib_dog
97,c,108645.9,3185089.6,4492.0,tib_dog
97,m,107804.10000000002,3186253.5,4277.333333333333,tib_dog
98,a,110469.5,3184415.0,4000.0,tib_dog
98,b,112670.0,3186146.2,2000.0,tib_dog
98,c,111103.7,3184140.4,3865.0,tib_dog
98,m,111414.40000000001,3184900.533333333,3288.3333333333335,tib_dog
99,a,117727.9,3185895.9,-1000.0,tib_dog
99,b,119313.0,3187272.5,-2500.0,tib_dog
99,c,120230.8,3186313.0,-2500.0,tib_dog
99,m,119090.56666666667,3186493.8000000003,-2000.0,tib_dog
100,a,112670.0,3186146.2,2000.0,tib_dog
100,b,116309.6,3186125.3,0.0,tib_dog
100,c,114797.4,3183726.7,2000.0,tib_dog
100,m,114592.33333333333,3185332.733333333,1333.3333333333333,tib_dog
101,a,120230.8,3186313.0,-2500.0,tib_dog
101,b,123359.4,3186730.2,-5000.0,tib_dog
101,c,121982.8,3184394.1,-2500.0,tib_dog
101,m,121857.66666666667,3185812.4333333336,-3333.3333333333335,tib_dog
102,a,107466.0,3187793.9,4000.0,tib_dog
102,b,107917.1,3186682.9,4004.0,tib_dog
102,c,106849.3,3186988.0,4336.0,tib_dog
102,m,107410.8,3187154.9333333336,4113.333333333333,tib_dog
103,a,109259.8,3185541.3,4000.0,tib_dog
103,b,112670.0,3186146.2,2000.0,tib_dog
103,c,110469.5,3184415.0,4000.0,tib_dog
103,m,110799.76666666666,3185367.5,3333.3333333333335,tib_dog
104,a,128365.1,3187919.0,-10000.0,tib_dog
104,b,129658.3,3186500.7,-10000.0,tib_dog
104,c,127927.1,3185708.1,-7500.0,tib_dog
104,m,128650.16666666667,3186709.266666667,-9166.666666666666,tib_dog
105,a,126884.3,3186876.2,-7500.0,tib_dog
105,b,128365.1,3187919.0,-10000.0,tib_dog
105,c,127927.1,3185708.1,-7500.0,tib_dog
105,m,127725.5,3186834.4333333336,-8333.333333333334,tib_dog
106,a,124819.4,3185437.0,-5000.0,tib_dog
106,b,125632.8,3188252.7,-7500.0,tib_dog
106,c,126884.3,3186876.2,-7500.0,tib_dog
106,m,125778.83333333333,3186855.3000000003,-6666.666666666667,tib_dog
107,a,116184.4,3187981.6,-1000.0,tib_dog
107,b,117727.9,3185895.9,-1000.0,tib_dog
107,c,116309.6,3186125.3,0.0,tib_dog
107,m,116740.63333333335,3186667.6,-666.6666666666666,tib_dog
108,a,123359.4,3186730.2,-5000.0,tib_dog
108,b,125632.8,3188252.7,-7500.0,tib_dog
108,c,124819.4,3185437.0,-5000.0,tib_dog
108,m,124603.86666666665,3186806.6333333333,-5833.333333333333,tib_dog
109,a,117727.9,3185895.9,-1000.0,tib_dog
109,b,118437.0,3188482.2,-2500.0,tib_dog
109,c,119313.0,3187272.5,-2500.0,tib_dog
109,m,118492.63333333335,3187216.8666666667,-2000.0,tib_dog
110,a,109259.8,3185541.3,4000.0,tib_dog
110,b,111001.4,3188565.6,2000.0,tib_dog
110,c,112670.0,3186146.2,2000.0,tib_dog
110,m,110977.06666666667,3186751.0333333337,2666.6666666666665,tib_dog
111,a,120230.8,3186313.0,-2500.0,tib_dog
111,b,122107.9,3188565.6,-5000.0,tib_dog
111,c,123359.4,3186730.2,-5000.0,tib_dog
111,m,121899.36666666665,3187202.9333333336,-4166.666666666667,tib_dog
112,a,105781.4,3187903.3,4494.0,tib_dog
112,b,107466.0,3187793.9,4000.0,tib_dog
112,c,106849.3,3186988.0,4336.0,tib_dog
112,m,106698.90000000001,3187561.733333333,4276.666666666667,tib_dog
113,a,116184.4,3187981.6,-1000.0,tib_dog
113,b,118437.0,3188482.2,-2500.0,tib_dog
113,c,117727.9,3185895.9,-1000.0,tib_dog
113,m,117449.76666666666,3187453.233333334,-1500.0,tib_dog
114,a,112670.0,3186146.2,2000.0,tib_dog
114,b,116184.4,3187981.6,-1000.0,tib_dog
114,c,116309.6,3186125.3,0.0,tib_dog
114,m,115054.66666666667,3186751.0333333337,333.3333333333333,tib_dog
115,a,107917.1,3186682.9,4004.0,tib_dog
115,b,111001.4,3188565.6,2000.0,tib_dog
115,c,109259.8,3185541.3,4000.0,tib_dog
115,m,109392.76666666666,3186929.9333333336,3334.6666666666665,tib_dog
116,a,119313.0,3187272.5,-2500.0,tib_dog
116,b,122107.9,3188565.6,-5000.0,tib_dog
116,c,120230.8,3186313.0,-2500.0,tib_dog
116,m,120550.56666666667,3187383.6999999997,-3333.3333333333335,tib_dog
117,a,106298.0,3189399.9,4000.0,tib_dog
117,b,107466.0,3187793.9,4000.0,tib_dog
117,c,105781.4,3187903.3,4494.0,tib_dog
117,m,106515.13333333335,3188365.6999999997,4164.666666666667,tib_dog
118,a,125632.8,3188252.7,-7500.0,tib_dog
118,b,128365.1,3187919.0,-10000.0,tib_dog
118,c,126884.3,3186876.2,-7500.0,tib_dog
118,m,126960.73333333334,3187682.6333333333,-8333.333333333334,tib_dog
119,a,104781.4,3189106.7,4428.0,tib_dog
119,b,106298.0,3189399.9,4000.0,tib_dog
119,c,105781.4,3187903.3,4494.0,tib_dog
119,m,105620.26666666666,3188803.2999999993,4307.333333333333,tib_dog
120,a,107466.0,3187793.9,4000.0,tib_dog
120,b,111001.4,3188565.6,2000.0,tib_dog
120,c,107917.1,3186682.9,4004.0,tib_dog
120,m,108794.83333333333,3187680.8000000003,3334.6666666666665,tib_dog
121,a,113514.7,3189671.1,0.0,tib_dog
121,b,116184.4,3187981.6,-1000.0,tib_dog
121,c,112670.0,3186146.2,2000.0,tib_dog
121,m,114123.03333333333,3187932.966666667,333.3333333333333,tib_dog
122,a,127030.3,3189796.2,-10000.0,tib_dog
122,b,128365.1,3187919.0,-10000.0,tib_dog
122,c,125632.8,3188252.7,-7500.0,tib_dog
122,m,127009.40000000001,3188655.966666667,-9166.666666666666,tib_dog
123,a,111001.4,3188565.6,2000.0,tib_dog
123,b,113514.7,3189671.1,0.0,tib_dog
123,c,112670.0,3186146.2,2000.0,tib_dog
123,m,112395.36666666665,3188127.6333333333,1333.3333333333333,tib_dog
124,a,123359.4,3186730.2,-5000.0,tib_dog
124,b,124256.2,3190088.2,-7500.0,tib_dog
124,c,125632.8,3188252.7,-7500.0,tib_dog
124,m,124416.13333333332,3188357.0333333337,-6666.666666666667,tib_dog
125,a,122107.9,3188565.6,-5000.0,tib_dog
125,b,124256.2,3190088.2,-7500.0,tib_dog
125,c,123359.4,3186730.2,-5000.0,tib_dog
125,m,123241.16666666667,3188461.3333333335,-5833.333333333333,tib_dog
126,a,114807.8,3190463.6,-1000.0,tib_dog
126,b,116184.4,3187981.6,-1000.0,tib_dog
126,c,113514.7,3189671.1,0.0,tib_dog
126,m,114835.63333333335,3189372.1,-666.6666666666666,tib_dog
127,a,116184.4,3187981.6,-1000.0,tib_dog
127,b,117352.4,3190567.9,-2500.0,tib_dog
127,c,118437.0,3188482.2,-2500.0,tib_dog
127,m,117324.59999999999,3189010.5666666664,-2000.0,tib_dog
128,a,104781.4,3189106.7,4428.0,tib_dog
128,b,105547.2,3190693.1,4000.0,tib_dog
128,c,106298.0,3189399.9,4000.0,tib_dog
128,m,105542.2,3189733.233333334,4142.666666666667,tib_dog
129,a,118437.0,3188482.2,-2500.0,tib_dog
129,b,122107.9,3188565.6,-5000.0,tib_dog
129,c,119313.0,3187272.5,-2500.0,tib_dog
129,m,119952.63333333335,3188106.766666667,-3333.3333333333335,tib_dog
130,a,104705.1,3190742.4,4269.0,tib_dog
130,b,105547.2,3190693.1,4000.0,tib_dog
130,c,104781.4,3189106.7,4428.0,tib_dog
130,m,105011.23333333332,3190180.733333333,4232.333333333333,tib_dog
131,a,118437.0,3188482.2,-2500.0,tib_dog
131,b,120439.3,3190943.4,-5000.0,tib_dog
131,c,122107.9,3188565.6,-5000.0,tib_dog
131,m,120328.06666666665,3189330.4,-4166.666666666667,tib_dog
132,a,124256.2,3190088.2,-7500.0,tib_dog
132,b,127030.3,3189796.2,-10000.0,tib_dog
132,c,125632.8,3188252.7,-7500.0,tib_dog
132,m,125639.76666666666,3189379.0333333337,-8333.333333333334,tib_dog
133,a,114807.8,3190463.6,-1000.0,tib_dog
133,b,117352.4,3190567.9,-2500.0,tib_dog
133,c,116184.4,3187981.6,-1000.0,tib_dog
133,m,116114.86666666665,3189671.033333333,-1500.0,tib_dog
134,a,107466.0,3187793.9,4000.0,tib_dog
134,b,109437.1,3191485.6,2000.0,tib_dog
134,c,111001.4,3188565.6,2000.0,tib_dog
134,m,109301.5,3189281.6999999997,2666.6666666666665,tib_dog
135,a,106298.0,3189399.9,4000.0,tib_dog
135,b,109437.1,3191485.6,2000.0,tib_dog
135,c,107466.0,3187793.9,4000.0,tib_dog
135,m,107733.7,3189559.8000000003,3333.3333333333335,tib_dog
136,a,117352.4,3190567.9,-2500.0,tib_dog
136,b,120439.3,3190943.4,-5000.0,tib_dog
136,c,118437.0,3188482.2,-2500.0,tib_dog
136,m,118742.90000000001,3189997.8333333335,-3333.3333333333335,tib_dog
137,a,122107.9,3188565.6,-5000.0,tib_dog
137,b,123171.6,3191756.8,-7500.0,tib_dog
137,c,124256.2,3190088.2,-7500.0,tib_dog
137,m,123178.56666666667,3190136.866666667,-6666.666666666667,tib_dog
138,a,124256.2,3190088.2,-7500.0,tib_dog
138,b,126029.1,3191965.4,-10000.0,tib_dog
138,c,127030.3,3189796.2,-10000.0,tib_dog
138,m,125771.86666666665,3190616.6,-9166.666666666666,tib_dog
139,a,120439.3,3190943.4,-5000.0,tib_dog
139,b,123171.6,3191756.8,-7500.0,tib_dog
139,c,122107.9,3188565.6,-5000.0,tib_dog
139,m,121906.26666666668,3190421.933333333,-5833.333333333333,tib_dog
140,a,104611.9,3192081.4,4024.0,tib_dog
140,b,105547.2,3190693.1,4000.0,tib_dog
140,c,104705.1,3190742.4,4269.0,tib_dog
140,m,104954.73333333332,3191172.3000000003,4097.666666666667,tib_dog
141,a,114807.8,3190463.6,-1000.0,tib_dog
141,b,116184.4,3192737.1,-2500.0,tib_dog
141,c,117352.4,3190567.9,-2500.0,tib_dog
141,m,116114.86666666665,3191256.1999999997,-2000.0,tib_dog
142,a,113514.7,3189671.1,0.0,tib_dog
142,b,113869.3,3192799.7,-1000.0,tib_dog
142,c,114807.8,3190463.6,-1000.0,tib_dog
142,m,114063.93333333333,3190978.1333333333,-666.6666666666666,tib_dog
143,a,105547.2,3190693.1,4000.0,tib_dog
143,b,109437.1,3191485.6,2000.0,tib_dog
143,c,106298.0,3189399.9,4000.0,tib_dog
143,m,107094.09999999999,3190526.1999999997,3333.3333333333335,tib_dog
144,a,109437.1,3191485.6,2000.0,tib_dog
144,b,113514.7,3189671.1,0.0,tib_dog
144,c,111001.4,3188565.6,2000.0,tib_dog
144,m,111317.73333333332,3189907.4333333336,1333.3333333333333,tib_dog
145,a,123171.6,3191756.8,-7500.0,tib_dog
145,b,126029.1,3191965.4,-10000.0,tib_dog
145,c,124256.2,3190088.2,-7500.0,tib_dog
145,m,124485.63333333335,3191270.133333333,-8333.333333333334,tib_dog
146,a,112471.8,3192924.8,0.0,tib_dog
146,b,113869.3,3192799.7,-1000.0,tib_dog
146,c,113514.7,3189671.1,0.0,tib_dog
146,m,113285.26666666666,3191798.533333333,-333.3333333333333,tib_dog
147,a,117352.4,3190567.9,-2500.0,tib_dog
147,b,119479.9,3192903.9,-5000.0,tib_dog
147,c,120439.3,3190943.4,-5000.0,tib_dog
147,m,119090.53333333333,3191471.733333333,-4166.666666666667,tib_dog
148,a,109437.1,3191485.6,2000.0,tib_dog
148,b,112471.8,3192924.8,0.0,tib_dog
148,c,113514.7,3189671.1,0.0,tib_dog
148,m,111807.86666666668,3191360.5,666.6666666666666,tib_dog
149,a,113869.3,3192799.7,-1000.0,tib_dog
149,b,116184.4,3192737.1,-2500.0,tib_dog
149,c,114807.8,3190463.6,-1000.0,tib_dog
149,m,114953.83333333333,3192000.1333333333,-1500.0,tib_dog
150,a,120439.3,3190943.4,-5000.0,tib_dog
150,b,121878.5,3193842.5,-7500.0,tib_dog
150,c,123171.6,3191756.8,-7500.0,tib_dog
150,m,121829.8,3192180.9,-6666.666666666667,tib_dog
151,a,116184.4,3192737.1,-2500.0,tib_dog
151,b,119479.9,3192903.9,-5000.0,tib_dog
151,c,117352.4,3190567.9,-2500.0,tib_dog
151,m,117672.23333333332,3192069.6333333333,-3333.3333333333335,tib_dog
152,a,119479.9,3192903.9,-5000.0,tib_dog
152,b,121878.5,3193842.5,-7500.0,tib_dog
152,c,120439.3,3190943.4,-5000.0,tib_dog
152,m,120599.23333333334,3192563.266666667,-5833.333333333333,tib_dog
153,a,104316.6,3194072.0,4000.0,tib_dog
153,b,104611.9,3192081.4,4024.0,tib_dog
153,c,103493.2,3193471.3,4305.0,tib_dog
153,m,104140.56666666667,3193208.233333333,4109.666666666667,tib_dog
154,a,123171.6,3191756.8,-7500.0,tib_dog
154,b,124652.5,3194426.5,-10000.0,tib_dog
154,c,126029.1,3191965.4,-10000.0,tib_dog
154,m,124617.73333333334,3192716.233333333,-9166.666666666666,tib_dog
155,a,105547.2,3190693.1,4000.0,tib_dog
155,b,108540.2,3194197.1,2000.0,tib_dog
155,c,109437.1,3191485.6,2000.0,tib_dog
155,m,107841.5,3192125.266666667,2666.6666666666665,tib_dog
156,a,113869.3,3192799.7,-1000.0,tib_dog
156,b,115391.8,3194572.5,-2500.0,tib_dog
156,c,116184.4,3192737.1,-2500.0,tib_dog
156,m,115148.5,3193369.766666667,-2000.0,tib_dog
157,a,104611.9,3192081.4,4024.0,tib_dog
157,b,108540.2,3194197.1,2000.0,tib_dog
157,c,105547.2,3190693.1,4000.0,tib_dog
157,m,106233.09999999999,3192323.8666666667,3341.3333333333335,tib_dog
158,a,116184.4,3192737.1,-2500.0,tib_dog
158,b,118311.9,3194906.3,-5000.0,tib_dog
158,c,119479.9,3192903.9,-5000.0,tib_dog
158,m,117992.06666666665,3193515.766666667,-4166.666666666667,tib_dog
159,a,121878.5,3193842.5,-7500.0,tib_dog
159,b,124652.5,3194426.5,-10000.0,tib_dog
159,c,123171.6,3191756.8,-7500.0,tib_dog
159,m,123234.2,3193341.9333333336,-8333.333333333334,tib_dog
160,a,113118.4,3194989.7,-1000.0,tib_dog
160,b,113869.3,3192799.7,-1000.0,tib_dog
160,c,112471.8,3192924.8,0.0,tib_dog
160,m,113153.16666666667,3193571.4,-666.6666666666666,tib_dog
161,a,108540.2,3194197.1,2000.0,tib_dog
161,b,112471.8,3192924.8,0.0,tib_dog
161,c,109437.1,3191485.6,2000.0,tib_dog
161,m,110149.7,3192869.1666666665,1333.3333333333333,tib_dog
162,a,113118.4,3194989.7,-1000.0,tib_dog
162,b,115391.8,3194572.5,-2500.0,tib_dog
162,c,113869.3,3192799.7,-1000.0,tib_dog
162,m,114126.5,3194120.6333333333,-1500.0,tib_dog
163,a,104316.6,3194072.0,4000.0,tib_dog
163,b,108540.2,3194197.1,2000.0,tib_dog
163,c,104611.9,3192081.4,4024.0,tib_dog
163,m,105822.89999999998,3193450.1666666665,3341.3333333333335,tib_dog
164,a,115391.8,3194572.5,-2500.0,tib_dog
164,b,118311.9,3194906.3,-5000.0,tib_dog
164,c,116184.4,3192737.1,-2500.0,tib_dog
164,m,116629.36666666665,3194071.966666667,-3333.3333333333335,tib_dog
165,a,102476.2,3195742.6,4524.0,tib_dog
165,b,104316.6,3194072.0,4000.0,tib_dog
165,c,103493.2,3193471.3,4305.0,tib_dog
165,m,103428.66666666667,3194428.633333333,4276.333333333333,tib_dog
166,a,119479.9,3192903.9,-5000.0,tib_dog
166,b,120877.3,3195970.0,-7500.0,tib_dog
166,c,121878.5,3193842.5,-7500.0,tib_dog
166,m,120745.23333333334,3194238.8000000003,-6666.666666666667,tib_dog
167,a,118311.9,3194906.3,-5000.0,tib_dog
167,b,120877.3,3195970.0,-7500.0,tib_dog
167,c,119479.9,3192903.9,-5000.0,tib_dog
167,m,119556.36666666665,3194593.4,-5833.333333333333,tib_dog
168,a,102476.2,3195742.6,4524.0,tib_dog
168,b,103878.6,3196199.4,4000.0,tib_dog
168,c,104316.6,3194072.0,4000.0,tib_dog
168,m,103557.13333333335,3195338.0,4174.666666666667,tib_dog
169,a,121878.5,3193842.5,-7500.0,tib_dog
169,b,123317.6,3196637.4,-10000.0,tib_dog
169,c,124652.5,3194426.5,-10000.0,tib_dog
169,m,123282.86666666665,3194968.8000000003,-9166.666666666666,tib_dog
170,a,115391.8,3194572.5,-2500.0,tib_dog
170,b,117519.3,3196574.8,-5000.0,tib_dog
170,c,118311.9,3194906.3,-5000.0,tib_dog
170,m,117074.33333333333,3195351.1999999997,-4166.666666666667,tib_dog
171,a,113118.4,3194989.7,-1000.0,tib_dog
171,b,114557.5,3196741.7,-2500.0,tib_dog
171,c,115391.8,3194572.5,-2500.0,tib_dog
171,m,114355.90000000001,3195434.6333333333,-2000.0,tib_dog
172,a,108540.2,3194197.1,2000.0,tib_dog
172,b,113118.4,3194989.7,-1000.0,tib_dog
172,c,112471.8,3192924.8,0.0,tib_dog
172,m,111376.79999999999,3194037.2000000007,333.3333333333333,tib_dog
173,a,108540.2,3194197.1,2000.0,tib_dog
173,b,111262.1,3196887.7,0.0,tib_dog
173,c,113118.4,3194989.7,-1000.0,tib_dog
173,m,110973.56666666665,3195358.1666666665,333.3333333333333,tib_dog
174,a,120877.3,3195970.0,-7500.0,tib_dog
174,b,123317.6,3196637.4,-10000.0,tib_dog
174,c,121878.5,3193842.5,-7500.0,tib_dog
174,m,122024.46666666667,3195483.3000000003,-8333.333333333334,tib_dog
175,a,104316.6,3194072.0,4000.0,tib_dog
175,b,107977.0,3196533.1,2000.0,tib_dog
175,c,108540.2,3194197.1,2000.0,tib_dog
175,m,106944.59999999999,3194934.0666666664,2666.6666666666665,tib_dog
176,a,111262.1,3196887.7,0.0,tib_dog
176,b,112471.8,3197138.0,-1000.0,tib_dog
176,c,113118.4,3194989.7,-1000.0,tib_dog
176,m,112284.10000000002,3196338.466666667,-666.6666666666666,tib_dog
177,a,102476.2,3195742.6,4524.0,tib_dog
177,b,103188.1,3197302.0,4171.0,tib_dog
177,c,103878.6,3196199.4,4000.0,tib_dog
177,m,103180.96666666667,3196414.6666666665,4231.666666666667,tib_dog
178,a,112471.8,3197138.0,-1000.0,tib_dog
178,b,114557.5,3196741.7,-2500.0,tib_dog
178,c,113118.4,3194989.7,-1000.0,tib_dog
178,m,113382.56666666665,3196289.8000000003,-1500.0,tib_dog
179,a,107977.0,3196533.1,2000.0,tib_dog
179,b,111262.1,3196887.7,0.0,tib_dog
179,c,108540.2,3194197.1,2000.0,tib_dog
179,m,109259.76666666666,3195872.6333333333,1333.3333333333333,tib_dog
180,a,114557.5,3196741.7,-2500.0,tib_dog
180,b,117519.3,3196574.8,-5000.0,tib_dog
180,c,115391.8,3194572.5,-2500.0,tib_dog
180,m,115822.86666666665,3195963.0,-3333.3333333333335,tib_dog
181,a,103544.9,3197659.4,4000.0,tib_dog
181,b,103878.6,3196199.4,4000.0,tib_dog
181,c,103188.1,3197302.0,4171.0,tib_dog
181,m,103537.2,3197053.6,4057.0,tib_dog
182,a,103878.6,3196199.4,4000.0,tib_dog
182,b,107977.0,3196533.1,2000.0,tib_dog
182,c,104316.6,3194072.0,4000.0,tib_dog
182,m,105390.73333333334,3195601.5,3333.3333333333335,tib_dog
183,a,117519.3,3196574.8,-5000.0,tib_dog
183,b,120877.3,3195970.0,-7500.0,tib_dog
183,c,118311.9,3194906.3,-5000.0,tib_dog
183,m,118902.83333333333,3195817.033333333,-5833.333333333333,tib_dog
184,a,117519.3,3196574.8,-5000.0,tib_dog
184,b,119709.3,3198139.1,-7500.0,tib_dog
184,c,120877.3,3195970.0,-7500.0,tib_dog
184,m,119368.63333333335,3196894.6333333333,-6666.666666666667,tib_dog
185,a,114557.5,3196741.7,-2500.0,tib_dog
185,b,116851.9,3198243.4,-5000.0,tib_dog
185,c,117519.3,3196574.8,-5000.0,tib_dog
185,m,116309.56666666667,3197186.633333333,-4166.666666666667,tib_dog
186,a,120877.3,3195970.0,-7500.0,tib_dog
186,b,122191.3,3198973.4,-10000.0,tib_dog
186,c,123317.6,3196637.4,-10000.0,tib_dog
186,m,122128.73333333334,3197193.6,-9166.666666666666,tib_dog
187,a,111262.1,3196887.7,0.0,tib_dog
187,b,111929.5,3199098.6,-1000.0,tib_dog
187,c,112471.8,3197138.0,-1000.0,tib_dog
187,m,111887.8,3197708.1,-666.6666666666666,tib_dog
188,a,113535.5,3199182.0,-2500.0,tib_dog
188,b,114557.5,3196741.7,-2500.0,tib_dog
188,c,112471.8,3197138.0,-1000.0,tib_dog
188,m,113521.59999999999,3197687.233333333,-2000.0,tib_dog
189,a,119709.3,3198139.1,-7500.0,tib_dog
189,b,122191.3,3198973.4,-10000.0,tib_dog
189,c,120877.3,3195970.0,-7500.0,tib_dog
189,m,120925.96666666667,3197694.1666666665,-8333.333333333334,tib_dog
190,a,116851.9,3198243.4,-5000.0,tib_dog
190,b,119709.3,3198139.1,-7500.0,tib_dog
190,c,117519.3,3196574.8,-5000.0,tib_dog
190,m,118026.83333333333,3197652.4333333336,-5833.333333333333,tib_dog
191,a,104239.0,3198912.2,3762.0,tib_dog
191,b,103878.6,3196199.4,4000.0,tib_dog
191,c,103544.9,3197659.4,4000.0,tib_dog
191,m,103887.5,3197590.3333333335,3920.6666666666665,tib_dog
192,a,111929.5,3199098.6,-1000.0,tib_dog
192,b,113535.5,3199182.0,-2500.0,tib_dog
192,c,112471.8,3197138.0,-1000.0,tib_dog
192,m,112645.59999999999,3198472.8666666667,-1500.0,tib_dog
193,a,103878.6,3196199.4,4000.0,tib_dog
193,b,107184.5,3199077.7,2000.0,tib_dog
193,c,107977.0,3196533.1,2000.0,tib_dog
193,m,106346.7,3197270.0666666664,2666.6666666666665,tib_dog
194,a,104239.0,3198912.2,3762.0,tib_dog
194,b,107184.5,3199077.7,2000.0,tib_dog
194,c,103878.6,3196199.4,4000.0,tib_dog
194,m,105100.7,3198063.1,3254.0,tib_dog
195,a,114557.5,3196741.7,-2500.0,tib_dog
195,b,115975.9,3199807.7,-5000.0,tib_dog
195,c,116851.9,3198243.4,-5000.0,tib_dog
195,m,115795.09999999999,3198264.266666667,-4166.666666666667,tib_dog
196,a,113535.5,3199182.0,-2500.0,tib_dog
196,b,115975.9,3199807.7,-5000.0,tib_dog
196,c,114557.5,3196741.7,-2500.0,tib_dog
196,m,114689.63333333335,3198577.1333333333,-3333.3333333333335,tib_dog
197,a,110073.2,3200412.6,0.0,tib_dog
197,b,111929.5,3199098.6,-1000.0,tib_dog
197,c,111262.1,3196887.7,0.0,tib_dog
197,m,111088.26666666668,3198799.6333333333,-333.3333333333333,tib_dog
198,a,107977.0,3196533.1,2000.0,tib_dog
198,b,110073.2,3200412.6,0.0,tib_dog
198,c,111262.1,3196887.7,0.0,tib_dog
198,m,109770.76666666668,3197944.466666667,666.6666666666666,tib_dog
199,a,116851.9,3198243.4,-5000.0,tib_dog
199,b,118624.7,3200475.2,-7500.0,tib_dog
199,c,119709.3,3198139.1,-7500.0,tib_dog
199,m,118395.29999999999,3198952.5666666664,-6666.666666666667,tib_dog
200,a,107184.5,3199077.7,2000.0,tib_dog
200,b,110073.2,3200412.6,0.0,tib_dog
200,c,107977.0,3196533.1,2000.0,tib_dog
200,m,108411.56666666667,3198674.466666667,1333.3333333333333,tib_dog
201,a,115975.9,3199807.7,-5000.0,tib_dog
201,b,118624.7,3200475.2,-7500.0,tib_dog
201,c,116851.9,3198243.4,-5000.0,tib_dog
201,m,117150.83333333333,3199508.766666667,-5833.333333333333,tib_dog
202,a,119709.3,3198139.1,-7500.0,tib_dog
202,b,120981.6,3201518.0,-10000.0,tib_dog
202,c,122191.3,3198973.4,-10000.0,tib_dog
202,m,120960.73333333334,3199543.5,-9166.666666666666,tib_dog
203,a,118624.7,3200475.2,-7500.0,tib_dog
203,b,120981.6,3201518.0,-10000.0,tib_dog
203,c,119709.3,3198139.1,-7500.0,tib_dog
203,m,119771.86666666665,3200044.1,-8333.333333333334,tib_dog
204,a,104239.0,3198912.2,3762.0,tib_dog
204,b,105766.2,3201643.2,2000.0,tib_dog
204,c,107184.5,3199077.7,2000.0,tib_dog
204,m,105729.90000000001,3199877.7000000007,2587.3333333333335,tib_dog
205,a,103916.9,3200454.7,3544.0,tib_dog
205,b,105766.2,3201643.2,2000.0,tib_dog
205,c,104239.0,3198912.2,3762.0,tib_dog
205,m,104640.7,3200336.7000000007,3102.0,tib_dog
206,a,113535.5,3199182.0,-2500.0,tib_dog
206,b,115141.6,3201705.8,-5000.0,tib_dog
206,c,115975.9,3199807.7,-5000.0,tib_dog
206,m,114884.33333333333,3200231.8333333335,-4166.666666666667,tib_dog
207,a,110657.2,3201580.6,-1000.0,tib_dog
207,b,111929.5,3199098.6,-1000.0,tib_dog
207,c,110073.2,3200412.6,0.0,tib_dog
207,m,110886.63333333335,3200363.9333333336,-666.6666666666666,tib_dog
208,a,111741.8,3202248.0,-2500.0,tib_dog
208,b,111929.5,3199098.6,-1000.0,tib_dog
208,c,110657.2,3201580.6,-1000.0,tib_dog
208,m,111442.83333333333,3200975.733333333,-1500.0,tib_dog
209,a,115975.9,3199807.7,-5000.0,tib_dog
209,b,117227.3,3202331.5,-7500.0,tib_dog
209,c,118624.7,3200475.2,-7500.0,tib_dog
209,m,117275.96666666667,3200871.466666667,-6666.666666666667,tib_dog
210,a,111741.8,3202248.0,-2500.0,tib_dog
210,b,113535.5,3199182.0,-2500.0,tib_dog
210,c,111929.5,3199098.6,-1000.0,tib_dog
210,m,112402.26666666666,3200176.1999999997,-2000.0,tib_dog
211,a,115141.6,3201705.8,-5000.0,tib_dog
211,b,117227.3,3202331.5,-7500.0,tib_dog
211,c,115975.9,3199807.7,-5000.0,tib_dog
211,m,116114.93333333335,3201281.6666666665,-5833.333333333333,tib_dog
212,a,111741.8,3202248.0,-2500.0,tib_dog
212,b,115141.6,3201705.8,-5000.0,tib_dog
212,c,113535.5,3199182.0,-2500.0,tib_dog
212,m,113472.96666666667,3201045.266666667,-3333.3333333333335,tib_dog
213,a,110073.2,3200412.6,0.0,tib_dog
213,b,109343.2,3203290.9,-1000.0,tib_dog
213,c,110657.2,3201580.6,-1000.0,tib_dog
213,m,110024.53333333333,3201761.3666666667,-666.6666666666666,tib_dog
214,a,111741.8,3202248.0,-2500.0,tib_dog
214,b,113598.1,3203353.5,-5000.0,tib_dog
214,c,115141.6,3201705.8,-5000.0,tib_dog
214,m,113493.83333333333,3202435.766666667,-4166.666666666667,tib_dog
215,a,105766.2,3201643.2,2000.0,tib_dog
215,b,110073.2,3200412.6,0.0,tib_dog
215,c,107184.5,3199077.7,2000.0,tib_dog
215,m,107674.63333333335,3200377.8333333335,1333.3333333333333,tib_dog
216,a,103154.2,3202929.3,2970.0,tib_dog
216,b,105766.2,3201643.2,2000.0,tib_dog
216,c,103916.9,3200454.7,3544.0,tib_dog
216,m,104279.09999999999,3201675.733333333,2838.0,tib_dog
217,a,105766.2,3201643.2,2000.0,tib_dog
217,b,108029.2,3203499.5,0.0,tib_dog
217,c,110073.2,3200412.6,0.0,tib_dog
217,m,107956.2,3201851.766666667,666.6666666666666,tib_dog
218,a,108029.2,3203499.5,0.0,tib_dog
218,b,109343.2,3203290.9,-1000.0,tib_dog
218,c,110073.2,3200412.6,0.0,tib_dog
218,m,109148.53333333333,3202401.0,-333.3333333333333,tib_dog
219,a,118311.9,3203562.1,-10000.0,tib_dog
219,b,118624.7,3200475.2,-7500.0,tib_dog
219,c,117227.3,3202331.5,-7500.0,tib_dog
219,m,118054.63333333332,3202122.9333333336,-8333.333333333334,tib_dog
220,a,118311.9,3203562.1,-10000.0,tib_dog
220,b,120981.6,3201518.0,-10000.0,tib_dog
220,c,118624.7,3200475.2,-7500.0,tib_dog
220,m,119306.06666666667,3201851.766666667,-9166.666666666666,tib_dog
221,a,113598.1,3203353.5,-5000.0,tib_dog
221,b,115099.8,3203979.2,-7500.0,tib_dog
221,c,115141.6,3201705.8,-5000.0,tib_dog
221,m,114613.16666666667,3203012.8333333335,-5833.333333333333,tib_dog
222,a,104160.1,3204000.1,2000.0,tib_dog
222,b,105766.2,3201643.2,2000.0,tib_dog
222,c,103154.2,3202929.3,2970.0,tib_dog
222,m,104360.16666666667,3202857.5333333337,2323.3333333333335,tib_dog
223,a,109343.2,3203290.9,-1000.0,tib_dog
223,b,111741.8,3202248.0,-2500.0,tib_dog
223,c,110657.2,3201580.6,-1000.0,tib_dog
223,m,110580.73333333334,3202373.1666666665,-1500.0,tib_dog
224,a,115099.8,3203979.2,-7500.0,tib_dog
224,b,117227.3,3202331.5,-7500.0,tib_dog
224,c,115141.6,3201705.8,-5000.0,tib_dog
224,m,115822.90000000001,3202672.1666666665,-6666.666666666667,tib_dog
225,a,109864.6,3204312.9,-2500.0,tib_dog
225,b,111741.8,3202248.0,-2500.0,tib_dog
225,c,109343.2,3203290.9,-1000.0,tib_dog
225,m,110316.53333333334,3203283.9333333336,-2000.0,tib_dog
226,a,108175.2,3204531.9,-1000.0,tib_dog
226,b,109343.2,3203290.9,-1000.0,tib_dog
226,c,108029.2,3203499.5,0.0,tib_dog
226,m,108515.86666666665,3203774.1,-666.6666666666666,tib_dog
227,a,108175.2,3204531.9,-1000.0,tib_dog
227,b,109864.6,3204312.9,-2500.0,tib_dog
227,c,109343.2,3203290.9,-1000.0,tib_dog
227,m,109127.66666666667,3204045.233333333,-1500.0,tib_dog
228,a,102052.4,3204115.8,2889.0,tib_dog
228,b,104160.1,3204000.1,2000.0,tib_dog
228,c,103154.2,3202929.3,2970.0,tib_dog
228,m,103122.23333333334,3203681.733333333,2619.6666666666665,tib_dog
229,a,110970.1,3205272.4,-5000.0,tib_dog
229,b,111741.8,3202248.0,-2500.0,tib_dog
229,c,109864.6,3204312.9,-2500.0,tib_dog
229,m,110858.83333333333,3203944.4333333336,-3333.3333333333335,tib_dog
230,a,115099.8,3203979.2,-7500.0,tib_dog
230,b,118311.9,3203562.1,-10000.0,tib_dog
230,c,117227.3,3202331.5,-7500.0,tib_dog
230,m,116879.66666666667,3203290.9333333336,-8333.333333333334,tib_dog
231,a,104160.1,3204000.1,2000.0,tib_dog
231,b,108029.2,3203499.5,0.0,tib_dog
231,c,105766.2,3201643.2,2000.0,tib_dog
231,m,105985.16666666667,3203047.6,1333.3333333333333,tib_dog
232,a,110970.1,3205272.4,-5000.0,tib_dog
232,b,113598.1,3203353.5,-5000.0,tib_dog
232,c,111741.8,3202248.0,-2500.0,tib_dog
232,m,112103.33333333333,3203624.6333333333,-4166.666666666667,tib_dog
233,a,115642.1,3205272.4,-10000.0,tib_dog
233,b,118311.9,3203562.1,-10000.0,tib_dog
233,c,115099.8,3203979.2,-7500.0,tib_dog
233,m,116351.26666666666,3204271.233333333,-9166.666666666666,tib_dog
234,a,112159.0,3205877.2,-7500.0,tib_dog
234,b,113598.1,3203353.5,-5000.0,tib_dog
234,c,110970.1,3205272.4,-5000.0,tib_dog
234,m,112242.40000000001,3204834.3666666667,-5833.333333333333,tib_dog
235,a,108029.2,3203499.5,0.0,tib_dog
235,b,106798.6,3205950.2,-1000.0,tib_dog
235,c,108175.2,3204531.9,-1000.0,tib_dog
235,m,107667.66666666667,3204660.533333333,-666.6666666666666,tib_dog
236,a,104160.1,3204000.1,2000.0,tib_dog
236,b,106798.6,3205950.2,-1000.0,tib_dog
236,c,108029.2,3203499.5,0.0,tib_dog
236,m,106329.3,3204483.266666667,333.3333333333333,tib_dog
237,a,105880.9,3206106.7,0.0,tib_dog
237,b,106798.6,3205950.2,-1000.0,tib_dog
237,c,104160.1,3204000.1,2000.0,tib_dog
237,m,105613.2,3205352.3333333335,333.3333333333333,tib_dog
238,a,106798.6,3205950.2,-1000.0,tib_dog
238,b,108091.8,3205960.7,-2500.0,tib_dog
238,c,108175.2,3204531.9,-1000.0,tib_dog
238,m,107688.53333333334,3205480.9333333336,-1500.0,tib_dog
239,a,102783.6,3206211.0,2000.0,tib_dog
239,b,104160.1,3204000.1,2000.0,tib_dog
239,c,102052.4,3204115.8,2889.0,tib_dog
239,m,102998.7,3204775.633333333,2296.3333333333335,tib_dog
240,a,101747.3,3206183.7,2237.0,tib_dog
240,b,102783.6,3206211.0,2000.0,tib_dog
240,c,102052.4,3204115.8,2889.0,tib_dog
240,m,102194.43333333335,3205503.5,2375.3333333333335,tib_dog
241,a,108091.8,3205960.7,-2500.0,tib_dog
241,b,109864.6,3204312.9,-2500.0,tib_dog
241,c,108175.2,3204531.9,-1000.0,tib_dog
241,m,108710.53333333334,3204935.1666666665,-2000.0,tib_dog
242,a,113535.5,3206669.8,-10000.0,tib_dog
242,b,113598.1,3203353.5,-5000.0,tib_dog
242,c,112159.0,3205877.2,-7500.0,tib_dog
242,m,113097.53333333333,3205300.1666666665,-7500.0,tib_dog
243,a,113535.5,3206669.8,-10000.0,tib_dog
243,b,115099.8,3203979.2,-7500.0,tib_dog
243,c,113598.1,3203353.5,-5000.0,tib_dog
243,m,114077.8,3204667.5,-7500.0,tib_dog
244,a,113535.5,3206669.8,-10000.0,tib_dog
244,b,115642.1,3205272.4,-10000.0,tib_dog
244,c,115099.8,3203979.2,-7500.0,tib_dog
244,m,114759.13333333335,3205307.133333333,-9166.666666666666,tib_dog
245,a,108091.8,3205960.7,-2500.0,tib_dog
245,b,110970.1,3205272.4,-5000.0,tib_dog
245,c,109864.6,3204312.9,-2500.0,tib_dog
245,m,109642.16666666667,3205182.0,-3333.3333333333335,tib_dog
246,a,102783.6,3206211.0,2000.0,tib_dog
246,b,105880.9,3206106.7,0.0,tib_dog
246,c,104160.1,3204000.1,2000.0,tib_dog
246,m,104274.86666666665,3205439.266666667,1333.3333333333333,tib_dog
247,a,105714.0,3206857.5,-1000.0,tib_dog
247,b,106798.6,3205950.2,-1000.0,tib_dog
247,c,105880.9,3206106.7,0.0,tib_dog
247,m,106131.16666666667,3206304.8000000003,-666.6666666666666,tib_dog
248,a,108634.1,3207233.0,-5000.0,tib_dog
248,b,110970.1,3205272.4,-5000.0,tib_dog
248,c,108091.8,3205960.7,-2500.0,tib_dog
248,m,109232.0,3206155.366666667,-4166.666666666667,tib_dog
249,a,108634.1,3207233.0,-5000.0,tib_dog
249,b,110156.6,3207629.3,-7500.0,tib_dog
249,c,110970.1,3205272.4,-5000.0,tib_dog
249,m,109920.26666666668,3206711.5666666664,-5833.333333333333,tib_dog
250,a,102783.6,3206211.0,2000.0,tib_dog
250,b,105714.0,3206857.5,-1000.0,tib_dog
250,c,105880.9,3206106.7,0.0,tib_dog
250,m,104792.83333333333,3206391.733333333,333.3333333333333,tib_dog
251,a,103920.3,3207785.7,0.0,tib_dog
251,b,105714.0,3206857.5,-1000.0,tib_dog
251,c,102783.6,3206211.0,2000.0,tib_dog
251,m,104139.3,3206951.4,333.3333333333333,tib_dog
252,a,110156.6,3207629.3,-7500.0,tib_dog
252,b,112159.0,3205877.2,-7500.0,tib_dog
252,c,110970.1,3205272.4,-5000.0,tib_dog
252,m,111095.23333333334,3206259.6333333333,-6666.666666666667,tib_dog
253,a,110156.6,3207629.3,-7500.0,tib_dog
253,b,111679.2,3208109.0,-10000.0,tib_dog
253,c,112159.0,3205877.2,-7500.0,tib_dog
253,m,111331.59999999999,3207205.1666666665,-8333.333333333334,tib_dog
254,a,106798.6,3205950.2,-1000.0,tib_dog
254,b,108634.1,3207233.0,-5000.0,tib_dog
254,c,108091.8,3205960.7,-2500.0,tib_dog
254,m,107841.5,3206381.3000000003,-2833.3333333333335,tib_dog
255,a,111679.2,3208109.0,-10000.0,tib_dog
255,b,113535.5,3206669.8,-10000.0,tib_dog
255,c,112159.0,3205877.2,-7500.0,tib_dog
255,m,112457.90000000001,3206885.3333333335,-9166.666666666666,tib_dog
256,a,103920.3,3207785.7,0.0,tib_dog
256,b,105422.0,3208234.1,-2500.0,tib_dog
256,c,105714.0,3206857.5,-1000.0,tib_dog
256,m,105018.76666666666,3207625.766666667,-1166.6666666666667,tib_dog
257,a,105714.0,3206857.5,-1000.0,tib_dog
257,b,108634.1,3207233.0,-5000.0,tib_dog
257,c,106798.6,3205950.2,-1000.0,tib_dog
257,m,107048.90000000001,3206680.233333333,-2333.3333333333335,tib_dog
258,a,106464.9,3209026.7,-5000.0,tib_dog
258,b,105714.0,3206857.5,-1000.0,tib_dog
258,c,105422.0,3208234.1,-2500.0,tib_dog
258,m,105866.96666666667,3208039.4333333336,-2833.3333333333335,tib_dog
259,a,100713.4,3207692.2,2162.0,tib_dog
259,b,102783.6,3206211.0,2000.0,tib_dog
259,c,101747.3,3206183.7,2237.0,tib_dog
259,m,101748.09999999999,3206695.6333333333,2133.0,tib_dog
260,a,106464.9,3209026.7,-5000.0,tib_dog
260,b,108634.1,3207233.0,-5000.0,tib_dog
260,c,105714.0,3206857.5,-1000.0,tib_dog
260,m,106937.66666666667,3207705.733333333,-3666.6666666666665,tib_dog
261,a,102783.6,3206211.0,2000.0,tib_dog
261,b,103565.7,3208713.8,-1000.0,tib_dog
261,c,103920.3,3207785.7,0.0,tib_dog
261,m,103423.2,3207570.1666666665,333.3333333333333,tib_dog
262,a,100713.4,3207692.2,2162.0,tib_dog
262,b,103565.7,3208713.8,-1000.0,tib_dog
262,c,102783.6,3206211.0,2000.0,tib_dog
262,m,102354.23333333332,3207539.0,1054.0,tib_dog
263,a,102001.4,3209360.4,0.0,tib_dog
263,b,103565.7,3208713.8,-1000.0,tib_dog
263,c,100713.4,3207692.2,2162.0,tib_dog
263,m,102093.5,3208588.7999999993,387.3333333333333,tib_dog
264,a,106464.9,3209026.7,-5000.0,tib_dog
264,b,107820.6,3209402.1,-7500.0,tib_dog
264,c,108634.1,3207233.0,-5000.0,tib_dog
264,m,107639.86666666665,3208553.9333333336,-5833.333333333333,tib_dog
265,a,103565.7,3208713.8,-1000.0,tib_dog
265,b,105422.0,3208234.1,-2500.0,tib_dog
265,c,103920.3,3207785.7,0.0,tib_dog
265,m,104302.66666666667,3208244.5333333337,-1166.6666666666667,tib_dog
266,a,100001.5,3208997.4,2084.0,tib_dog
266,b,102001.4,3209360.4,0.0,tib_dog
266,c,100713.4,3207692.2,2162.0,tib_dog
266,m,100905.43333333333,3208683.3333333335,1415.3333333333333,tib_dog
267,a,102001.4,3209360.4,0.0,tib_dog
267,b,103023.4,3209923.6,-2500.0,tib_dog
267,c,103565.7,3208713.8,-1000.0,tib_dog
267,m,102863.5,3209332.6,-1166.6666666666667,tib_dog
268,a,108634.1,3207233.0,-5000.0,tib_dog
268,b,109551.8,3209965.3,-10000.0,tib_dog
268,c,110156.6,3207629.3,-7500.0,tib_dog
268,m,109447.5,3208275.8666666667,-7500.0,tib_dog
269,a,107820.6,3209402.1,-7500.0,tib_dog
269,b,109551.8,3209965.3,-10000.0,tib_dog
269,c,108634.1,3207233.0,-5000.0,tib_dog
269,m,108668.83333333333,3208866.8000000003,-7500.0,tib_dog
270,a,102053.6,3209840.1,-1000.0,tib_dog
270,b,103023.4,3209923.6,-2500.0,tib_dog
270,c,102001.4,3209360.4,0.0,tib_dog
270,m,102359.46666666667,3209708.033333333,-1166.6666666666667,tib_dog
271,a,109551.8,3209965.3,-10000.0,tib_dog
271,b,111679.2,3208109.0,-10000.0,tib_dog
271,c,110156.6,3207629.3,-7500.0,tib_dog
271,m,110462.53333333333,3208567.8666666667,-9166.666666666666,tib_dog
272,a,103023.4,3209923.6,-2500.0,tib_dog
272,b,104087.1,3210653.6,-5000.0,tib_dog
272,c,103565.7,3208713.8,-1000.0,tib_dog
272,m,103558.73333333334,3209763.6666666665,-2833.3333333333335,tib_dog
273,a,100729.1,3210674.4,0.0,tib_dog
273,b,102001.4,3209360.4,0.0,tib_dog
273,c,100001.5,3208997.4,2084.0,tib_dog
273,m,100910.66666666667,3209677.4,694.6666666666666,tib_dog
274,a,100729.1,3210674.4,0.0,tib_dog
274,b,102053.6,3209840.1,-1000.0,tib_dog
274,c,102001.4,3209360.4,0.0,tib_dog
274,m,101594.7,3209958.3000000003,-333.3333333333333,tib_dog
275,a,99357.4,3210099.1,2069.0,tib_dog
275,b,100729.1,3210674.4,0.0,tib_dog
275,c,100001.5,3208997.4,2084.0,tib_dog
275,m,100029.33333333333,3209923.6333333333,1384.3333333333333,tib_dog
276,a,104087.1,3210653.6,-5000.0,tib_dog
276,b,105422.0,3208234.1,-2500.0,tib_dog
276,c,103565.7,3208713.8,-1000.0,tib_dog
276,m,104358.26666666666,3209200.5,-2833.3333333333335,tib_dog
277,a,101177.5,3210841.3,-1000.0,tib_dog
277,b,102053.6,3209840.1,-1000.0,tib_dog
277,c,100729.1,3210674.4,0.0,tib_dog
277,m,101320.06666666667,3210451.9333333336,-666.6666666666666,tib_dog
278,a,105422.0,3208234.1,-2500.0,tib_dog
278,b,105359.4,3211029.0,-7500.0,tib_dog
278,c,106464.9,3209026.7,-5000.0,tib_dog
278,m,105748.76666666666,3209429.9333333336,-5000.0,tib_dog
279,a,104087.1,3210653.6,-5000.0,tib_dog
279,b,105359.4,3211029.0,-7500.0,tib_dog
279,c,105422.0,3208234.1,-2500.0,tib_dog
279,m,104956.16666666667,3209972.233333333,-5000.0,tib_dog
280,a,106464.9,3209026.7,-5000.0,tib_dog
280,b,107445.2,3211070.7,-10000.0,tib_dog
280,c,107820.6,3209402.1,-7500.0,tib_dog
280,m,107243.56666666665,3209833.1666666665,-7500.0,tib_dog
281,a,101646.8,3211216.7,-2500.0,tib_dog
281,b,102053.6,3209840.1,-1000.0,tib_dog
281,c,101177.5,3210841.3,-1000.0,tib_dog
281,m,101625.96666666667,3210632.7000000007,-1500.0,tib_dog
282,a,105359.4,3211029.0,-7500.0,tib_dog
282,b,107445.2,3211070.7,-10000.0,tib_dog
282,c,106464.9,3209026.7,-5000.0,tib_dog
282,m,106423.16666666667,3210375.466666667,-7500.0,tib_dog
283,a,107445.2,3211070.7,-10000.0,tib_dog
283,b,109551.8,3209965.3,-10000.0,tib_dog
283,c,107820.6,3209402.1,-7500.0,tib_dog
283,m,108272.53333333333,3210146.033333333,-9166.666666666666,tib_dog
284,a,101646.8,3211216.7,-2500.0,tib_dog
284,b,103023.4,3209923.6,-2500.0,tib_dog
284,c,102053.6,3209840.1,-1000.0,tib_dog
284,m,102241.26666666668,3210326.8000000003,-2000.0,tib_dog
285,a,99357.4,3210099.1,2069.0,tib_dog
285,b,100343.2,3211592.2,-1000.0,tib_dog
285,c,100729.1,3210674.4,0.0,tib_dog
285,m,100143.23333333332,3210788.566666667,356.3333333333333,tib_dog
286,a,100343.2,3211592.2,-1000.0,tib_dog
286,b,101177.5,3210841.3,-1000.0,tib_dog
286,c,100729.1,3210674.4,0.0,tib_dog
286,m,100749.93333333335,3211035.966666667,-666.6666666666666,tib_dog
287,a,98526.9,3211404.3,2041.0,tib_dog
287,b,99477.7,3211863.3,0.0,tib_dog
287,c,99357.4,3210099.1,2069.0,tib_dog
287,m,99120.66666666667,3211122.233333333,1370.0,tib_dog
288,a,99477.7,3211863.3,0.0,tib_dog
288,b,100343.2,3211592.2,-1000.0,tib_dog
288,c,99357.4,3210099.1,2069.0,tib_dog
288,m,99726.09999999999,3211184.8666666667,356.3333333333333,tib_dog
289,a,100343.2,3211592.2,-1000.0,tib_dog
289,b,101646.8,3211216.7,-2500.0,tib_dog
289,c,101177.5,3210841.3,-1000.0,tib_dog
289,m,101055.83333333333,3211216.733333333,-1500.0,tib_dog
290,a,102335.1,3212280.4,-5000.0,tib_dog
290,b,103023.4,3209923.6,-2500.0,tib_dog
290,c,101646.8,3211216.7,-2500.0,tib_dog
290,m,102335.09999999999,3211140.233333333,-3333.3333333333335,tib_dog
291,a,102335.1,3212280.4,-5000.0,tib_dog
291,b,104087.1,3210653.6,-5000.0,tib_dog
291,c,103023.4,3209923.6,-2500.0,tib_dog
291,m,103148.53333333333,3210952.533333333,-4166.666666666667,tib_dog
292,a,99477.7,3211863.3,0.0,tib_dog
292,b,100270.2,3212447.3,-2500.0,tib_dog
292,c,100343.2,3211592.2,-1000.0,tib_dog
292,m,100030.36666666665,3211967.6,-1166.6666666666667,tib_dog
293,a,102335.1,3212280.4,-5000.0,tib_dog
293,b,103461.4,3212509.9,-7500.0,tib_dog
293,c,104087.1,3210653.6,-5000.0,tib_dog
293,m,103294.53333333333,3211814.6333333333,-5833.333333333333,tib_dog
294,a,105860.0,3212426.4,-10000.0,tib_dog
294,b,107445.2,3211070.7,-10000.0,tib_dog
294,c,105359.4,3211029.0,-7500.0,tib_dog
294,m,106221.53333333333,3211508.6999999997,-9166.666666666666,tib_dog
295,a,98526.9,3211404.3,2041.0,tib_dog
295,b,99081.4,3212530.7,-1000.0,tib_dog
295,c,99477.7,3211863.3,0.0,tib_dog
295,m,99028.66666666667,3211932.766666667,347.0,tib_dog
296,a,97934.2,3212927.0,0.0,tib_dog
296,b,98526.9,3211404.3,2041.0,tib_dog
296,c,97204.8,3212336.5,2129.0,tib_dog
296,m,97888.63333333332,3212222.6,1390.0,tib_dog
297,a,103461.4,3212509.9,-7500.0,tib_dog
297,b,105359.4,3211029.0,-7500.0,tib_dog
297,c,104087.1,3210653.6,-5000.0,tib_dog
297,m,104302.63333333335,3211397.5,-6666.666666666667,tib_dog
298,a,97934.2,3212927.0,0.0,tib_dog
298,b,99081.4,3212530.7,-1000.0,tib_dog
298,c,98526.9,3211404.3,2041.0,tib_dog
298,m,98514.16666666667,3212287.3333333335,347.0,tib_dog
299,a,99081.4,3212530.7,-1000.0,tib_dog
299,b,100270.2,3212447.3,-2500.0,tib_dog
299,c,99477.7,3211863.3,0.0,tib_dog
299,m,99609.76666666666,3212280.4333333336,-1166.6666666666667,tib_dog
300,a,100270.2,3212447.3,-2500.0,tib_dog
300,b,101646.8,3211216.7,-2500.0,tib_dog
300,c,100343.2,3211592.2,-1000.0,tib_dog
300,m,100753.40000000001,3211752.0666666664,-2000.0,tib_dog
301,a,100270.2,3212447.3,-2500.0,tib_dog
301,b,102335.1,3212280.4,-5000.0,tib_dog
301,c,101646.8,3211216.7,-2500.0,tib_dog
301,m,101417.36666666665,3211981.4666666663,-3333.3333333333335,tib_dog
302,a,103461.4,3212509.9,-7500.0,tib_dog
302,b,105860.0,3212426.4,-10000.0,tib_dog
302,c,105359.4,3211029.0,-7500.0,tib_dog
302,m,104893.59999999999,3211988.4333333336,-8333.333333333334,tib_dog
303,a,97934.2,3212927.0,0.0,tib_dog
303,b,98851.9,3213385.9,-2500.0,tib_dog
303,c,99081.4,3212530.7,-1000.0,tib_dog
303,m,98622.5,3212947.866666667,-1166.6666666666667,tib_dog
304,a,98007.2,3213292.0,-1000.0,tib_dog
304,b,98851.9,3213385.9,-2500.0,tib_dog
304,c,97934.2,3212927.0,0.0,tib_dog
304,m,98264.43333333333,3213201.6333333333,-1166.6666666666667,tib_dog
305,a,97204.8,3212336.5,2129.0,tib_dog
305,b,97381.5,3213698.7,-1000.0,tib_dog
305,c,97934.2,3212927.0,0.0,tib_dog
305,m,97506.83333333333,3212987.4,376.3333333333333,tib_dog
306,a,97381.5,3213698.7,-1000.0,tib_dog
306,b,98007.2,3213292.0,-1000.0,tib_dog
306,c,97934.2,3212927.0,0.0,tib_dog
306,m,97774.3,3213305.9,-666.6666666666666,tib_dog
307,a,104462.6,3213698.7,-10000.0,tib_dog
307,b,105860.0,3212426.4,-10000.0,tib_dog
307,c,103461.4,3212509.9,-7500.0,tib_dog
307,m,104594.66666666667,3212878.3333333335,-9166.666666666666,tib_dog
308,a,102126.6,3213677.9,-7500.0,tib_dog
308,b,103461.4,3212509.9,-7500.0,tib_dog
308,c,102335.1,3212280.4,-5000.0,tib_dog
308,m,102641.03333333333,3212822.733333333,-6666.666666666667,tib_dog
309,a,100270.2,3212447.3,-2500.0,tib_dog
309,b,102126.6,3213677.9,-7500.0,tib_dog
309,c,102335.1,3212280.4,-5000.0,tib_dog
309,m,101577.3,3212801.8666666667,-5000.0,tib_dog
310,a,100624.8,3213740.5,-5000.0,tib_dog
310,b,102126.6,3213677.9,-7500.0,tib_dog
310,c,100270.2,3212447.3,-2500.0,tib_dog
310,m,101007.20000000001,3213288.5666666664,-5000.0,tib_dog
311,a,98851.9,3213385.9,-2500.0,tib_dog
311,b,100270.2,3212447.3,-2500.0,tib_dog
311,c,99081.4,3212530.7,-1000.0,tib_dog
311,m,99401.16666666667,3212787.9666666663,-2000.0,tib_dog
312,a,95560.7,3213506.0,2627.0,tib_dog
312,b,97381.5,3213698.7,-1000.0,tib_dog
312,c,97204.8,3212336.5,2129.0,tib_dog
312,m,96715.66666666667,3213180.4,1252.0,tib_dog
313,a,98851.9,3213385.9,-2500.0,tib_dog
313,b,100624.8,3213740.5,-5000.0,tib_dog
313,c,100270.2,3212447.3,-2500.0,tib_dog
313,m,99915.63333333335,3213191.233333333,-3333.3333333333335,tib_dog
314,a,96203.1,3214178.5,0.0,tib_dog
314,b,97381.5,3213698.7,-1000.0,tib_dog
314,c,95560.7,3213506.0,2627.0,tib_dog
314,m,96381.76666666666,3213794.4,542.3333333333334,tib_dog
315,a,97537.9,3214407.9,-2500.0,tib_dog
315,b,98007.2,3213292.0,-1000.0,tib_dog
315,c,97381.5,3213698.7,-1000.0,tib_dog
315,m,97642.2,3213799.5333333337,-1500.0,tib_dog
316,a,103211.1,3214741.6,-10000.0,tib_dog
316,b,103461.4,3212509.9,-7500.0,tib_dog
316,c,102126.6,3213677.9,-7500.0,tib_dog
316,m,102933.03333333333,3213643.1333333333,-8333.333333333334,tib_dog
317,a,103211.1,3214741.6,-10000.0,tib_dog
317,b,104462.6,3213698.7,-10000.0,tib_dog
317,c,103461.4,3212509.9,-7500.0,tib_dog
317,m,103711.7,3213650.066666667,-9166.666666666666,tib_dog
318,a,96203.1,3214178.5,0.0,tib_dog
318,b,97537.9,3214407.9,-2500.0,tib_dog
318,c,97381.5,3213698.7,-1000.0,tib_dog
318,m,97040.83333333333,3214095.0333333337,-1166.6666666666667,tib_dog
319,a,97537.9,3214407.9,-2500.0,tib_dog
319,b,98851.9,3213385.9,-2500.0,tib_dog
319,c,98007.2,3213292.0,-1000.0,tib_dog
319,m,98132.33333333333,3213695.266666667,-2000.0,tib_dog
320,a,97537.9,3214407.9,-2500.0,tib_dog
320,b,98789.4,3214991.9,-5000.0,tib_dog
320,c,98851.9,3213385.9,-2500.0,tib_dog
320,m,98393.06666666665,3214261.9,-3333.3333333333335,tib_dog
321,a,96192.6,3214668.6,-1000.0,tib_dog
321,b,97537.9,3214407.9,-2500.0,tib_dog
321,c,96203.1,3214178.5,0.0,tib_dog
321,m,96644.53333333333,3214418.3333333335,-1166.6666666666667,tib_dog
322,a,100624.8,3214908.5,-7500.0,tib_dog
322,b,102126.6,3213677.9,-7500.0,tib_dog
322,c,100624.8,3213740.5,-5000.0,tib_dog
322,m,101125.40000000001,3214108.966666667,-6666.666666666667,tib_dog
323,a,95560.7,3213506.0,2627.0,tib_dog
323,b,96192.6,3214668.6,-1000.0,tib_dog
323,c,96203.1,3214178.5,0.0,tib_dog
323,m,95985.46666666667,3214117.6999999997,542.3333333333334,tib_dog
324,a,98789.4,3214991.9,-5000.0,tib_dog
324,b,100624.8,3213740.5,-5000.0,tib_dog
324,c,98851.9,3213385.9,-2500.0,tib_dog
324,m,99422.03333333333,3214039.4333333336,-4166.666666666667,tib_dog
325,a,98789.4,3214991.9,-5000.0,tib_dog
325,b,100624.8,3214908.5,-7500.0,tib_dog
325,c,100624.8,3213740.5,-5000.0,tib_dog
325,m,100013.0,3214546.966666667,-5833.333333333333,tib_dog
326,a,94213.1,3214556.9,2527.0,tib_dog
326,b,96192.6,3214668.6,-1000.0,tib_dog
326,c,95560.7,3213506.0,2627.0,tib_dog
326,m,95322.13333333335,3214243.8333333335,1384.6666666666667,tib_dog
327,a,94826.5,3215409.1,0.0,tib_dog
327,b,96192.6,3214668.6,-1000.0,tib_dog
327,c,94213.1,3214556.9,2527.0,tib_dog
327,m,95077.40000000001,3214878.1999999997,509.0,tib_dog
328,a,102126.6,3215555.1,-10000.0,tib_dog
328,b,103211.1,3214741.6,-10000.0,tib_dog
328,c,102126.6,3213677.9,-7500.0,tib_dog
328,m,102488.10000000002,3214658.1999999997,-9166.666666666666,tib_dog
329,a,96286.5,3215283.9,-2500.0,tib_dog
329,b,97537.9,3214407.9,-2500.0,tib_dog
329,c,96192.6,3214668.6,-1000.0,tib_dog
329,m,96672.33333333333,3214786.8000000003,-2000.0,tib_dog
330,a,100624.8,3214908.5,-7500.0,tib_dog
330,b,102126.6,3215555.1,-10000.0,tib_dog
330,c,102126.6,3213677.9,-7500.0,tib_dog
330,m,101626.0,3214713.8333333335,-8333.333333333334,tib_dog
331,a,94826.5,3215409.1,0.0,tib_dog
331,b,96286.5,3215283.9,-2500.0,tib_dog
331,c,96192.6,3214668.6,-1000.0,tib_dog
331,m,95768.53333333333,3215120.533333333,-1166.6666666666667,tib_dog
332,a,95243.6,3216243.3,-2500.0,tib_dog
332,b,94826.5,3215409.1,0.0,tib_dog
332,c,94753.5,3215878.3,-1000.0,tib_dog
332,m,94941.2,3215843.5666666664,-1166.6666666666667,tib_dog
333,a,97120.8,3216243.3,-5000.0,tib_dog
333,b,97537.9,3214407.9,-2500.0,tib_dog
333,c,96286.5,3215283.9,-2500.0,tib_dog
333,m,96981.73333333334,3215311.6999999997,-3333.3333333333335,tib_dog
334,a,95243.6,3216243.3,-2500.0,tib_dog
334,b,96286.5,3215283.9,-2500.0,tib_dog
334,c,94826.5,3215409.1,0.0,tib_dog
334,m,95452.2,3215645.433333333,-1666.6666666666667,tib_dog
335,a,99123.1,3216180.8,-7500.0,tib_dog
335,b,100624.8,3214908.5,-7500.0,tib_dog
335,c,98789.4,3214991.9,-5000.0,tib_dog
335,m,99512.43333333335,3215360.4,-6666.666666666667,tib_dog
336,a,92908.0,3215794.3,2288.0,tib_dog
336,b,94826.5,3215409.1,0.0,tib_dog
336,c,94213.1,3214556.9,2527.0,tib_dog
336,m,93982.53333333333,3215253.4333333336,1605.0,tib_dog
337,a,100896.0,3216410.2,-10000.0,tib_dog
337,b,102126.6,3215555.1,-10000.0,tib_dog
337,c,100624.8,3214908.5,-7500.0,tib_dog
337,m,101215.8,3215624.6,-9166.666666666666,tib_dog
338,a,92908.0,3215794.3,2288.0,tib_dog
338,b,94753.5,3215878.3,-1000.0,tib_dog
338,c,94826.5,3215409.1,0.0,tib_dog
338,m,94162.66666666667,3215693.9,429.3333333333333,tib_dog
339,a,97120.8,3216243.3,-5000.0,tib_dog
339,b,98789.4,3214991.9,-5000.0,tib_dog
339,c,97537.9,3214407.9,-2500.0,tib_dog
339,m,97816.03333333333,3215214.3666666667,-4166.666666666667,tib_dog
340,a,93470.7,3216431.1,0.0,tib_dog
340,b,94753.5,3215878.3,-1000.0,tib_dog
340,c,92908.0,3215794.3,2288.0,tib_dog
340,m,93710.73333333334,3216034.5666666664,429.3333333333333,tib_dog
341,a,93721.0,3216681.4,-1000.0,tib_dog
341,b,94753.5,3215878.3,-1000.0,tib_dog
341,c,93470.7,3216431.1,0.0,tib_dog
341,m,93981.73333333334,3216330.266666666,-666.6666666666666,tib_dog
342,a,99123.1,3216180.8,-7500.0,tib_dog
342,b,100896.0,3216410.2,-10000.0,tib_dog
342,c,100624.8,3214908.5,-7500.0,tib_dog
342,m,100214.63333333335,3215833.1666666665,-8333.333333333334,tib_dog
343,a,97120.8,3216243.3,-5000.0,tib_dog
343,b,99123.1,3216180.8,-7500.0,tib_dog
343,c,98789.4,3214991.9,-5000.0,tib_dog
343,m,98344.43333333335,3215805.3333333335,-5833.333333333333,tib_dog
344,a,95243.6,3216243.3,-2500.0,tib_dog
344,b,97120.8,3216243.3,-5000.0,tib_dog
344,c,96286.5,3215283.9,-2500.0,tib_dog
344,m,96216.96666666667,3215923.5,-3333.3333333333335,tib_dog
345,a,94033.9,3217098.5,-2500.0,tib_dog
345,b,94753.5,3215878.3,-1000.0,tib_dog
345,c,93721.0,3216681.4,-1000.0,tib_dog
345,m,94169.46666666667,3216552.733333333,-1500.0,tib_dog
346,a,97788.2,3217244.5,-7500.0,tib_dog
346,b,99123.1,3216180.8,-7500.0,tib_dog
346,c,97120.8,3216243.3,-5000.0,tib_dog
346,m,98010.7,3216556.1999999997,-6666.666666666667,tib_dog
347,a,94033.9,3217098.5,-2500.0,tib_dog
347,b,95243.6,3216243.3,-2500.0,tib_dog
347,c,94753.5,3215878.3,-1000.0,tib_dog
347,m,94677.0,3216406.6999999997,-2000.0,tib_dog
348,a,99561.1,3217599.1,-10000.0,tib_dog
348,b,100896.0,3216410.2,-10000.0,tib_dog
348,c,99123.1,3216180.8,-7500.0,tib_dog
348,m,99860.06666666667,3216730.0333333337,-9166.666666666666,tib_dog
349,a,95535.6,3217578.2,-5000.0,tib_dog
349,b,97120.8,3216243.3,-5000.0,tib_dog
349,c,95243.6,3216243.3,-2500.0,tib_dog
349,m,95966.66666666667,3216688.266666667,-4166.666666666667,tib_dog
350,a,94033.9,3217098.5,-2500.0,tib_dog
350,b,95535.6,3217578.2,-5000.0,tib_dog
350,c,95243.6,3216243.3,-2500.0,tib_dog
350,m,94937.7,3216973.3333333335,-3333.3333333333335,tib_dog
351,a,91916.9,3217932.8,-1000.0,tib_dog
351,b,92908.0,3215794.3,2288.0,tib_dog
351,c,90924.9,3217302.8,2171.0,tib_dog
351,m,91916.59999999999,3217009.9666666663,1153.0,tib_dog
352,a,91405.9,3217953.7,0.0,tib_dog
352,b,91916.9,3217932.8,-1000.0,tib_dog
352,c,90924.9,3217302.8,2171.0,tib_dog
352,m,91415.89999999998,3217729.766666667,390.3333333333333,tib_dog
353,a,91916.9,3217932.8,-1000.0,tib_dog
353,b,93470.7,3216431.1,0.0,tib_dog
353,c,92908.0,3215794.3,2288.0,tib_dog
353,m,92765.2,3216719.4,429.3333333333333,tib_dog
354,a,97788.2,3217244.5,-7500.0,tib_dog
354,b,99561.1,3217599.1,-10000.0,tib_dog
354,c,99123.1,3216180.8,-7500.0,tib_dog
354,m,98824.13333333335,3217008.133333333,-8333.333333333334,tib_dog
355,a,91916.9,3217932.8,-1000.0,tib_dog
355,b,92573.9,3218120.5,-2500.0,tib_dog
355,c,93470.7,3216431.1,0.0,tib_dog
355,m,92653.83333333333,3217494.8000000003,-1166.6666666666667,tib_dog
356,a,92573.9,3218120.5,-2500.0,tib_dog
356,b,93721.0,3216681.4,-1000.0,tib_dog
356,c,93470.7,3216431.1,0.0,tib_dog
356,m,93255.2,3217077.6666666665,-1166.6666666666667,tib_dog
357,a,92573.9,3218120.5,-2500.0,tib_dog
357,b,94033.9,3217098.5,-2500.0,tib_dog
357,c,93721.0,3216681.4,-1000.0,tib_dog
357,m,93442.93333333333,3217300.1333333333,-2000.0,tib_dog
358,a,95535.6,3217578.2,-5000.0,tib_dog
358,b,97788.2,3217244.5,-7500.0,tib_dog
358,c,97120.8,3216243.3,-5000.0,tib_dog
358,m,96814.86666666665,3217022.0,-5833.333333333333,tib_dog
359,a,96098.8,3218433.4,-7500.0,tib_dog
359,b,97788.2,3217244.5,-7500.0,tib_dog
359,c,95535.6,3217578.2,-5000.0,tib_dog
359,m,96474.2,3217752.0333333337,-6666.666666666667,tib_dog
360,a,90924.9,3217302.8,2171.0,tib_dog
360,b,91186.9,3218495.9,-1000.0,tib_dog
360,c,91405.9,3217953.7,0.0,tib_dog
360,m,91172.56666666665,3217917.4666666663,390.3333333333333,tib_dog
361,a,92573.9,3218120.5,-2500.0,tib_dog
361,b,93741.9,3218704.5,-5000.0,tib_dog
361,c,94033.9,3217098.5,-2500.0,tib_dog
361,m,93449.89999999998,3217974.5,-3333.3333333333335,tib_dog
362,a,91186.9,3218495.9,-1000.0,tib_dog
362,b,91916.9,3217932.8,-1000.0,tib_dog
362,c,91405.9,3217953.7,0.0,tib_dog
362,m,91503.23333333332,3218127.4666666663,-666.6666666666666,tib_dog
363,a,98059.4,3218767.1,-10000.0,tib_dog
363,b,99561.1,3217599.1,-10000.0,tib_dog
363,c,97788.2,3217244.5,-7500.0,tib_dog
363,m,98469.56666666667,3217870.233333333,-9166.666666666666,tib_dog
364,a,93741.9,3218704.5,-5000.0,tib_dog
364,b,95535.6,3217578.2,-5000.0,tib_dog
364,c,94033.9,3217098.5,-2500.0,tib_dog
364,m,94437.13333333335,3217793.733333333,-4166.666666666667,tib_dog
365,a,96098.8,3218433.4,-7500.0,tib_dog
365,b,98059.4,3218767.1,-10000.0,tib_dog
365,c,97788.2,3217244.5,-7500.0,tib_dog
365,m,97315.46666666667,3218148.3333333335,-8333.333333333334,tib_dog
366,a,94743.0,3219591.0,-7500.0,tib_dog
366,b,95535.6,3217578.2,-5000.0,tib_dog
366,c,93741.9,3218704.5,-5000.0,tib_dog
366,m,94673.5,3218624.5666666664,-5833.333333333333,tib_dog
367,a,94743.0,3219591.0,-7500.0,tib_dog
367,b,96098.8,3218433.4,-7500.0,tib_dog
367,c,95535.6,3217578.2,-5000.0,tib_dog
367,m,95459.13333333335,3218534.2000000007,-6666.666666666667,tib_dog
368,a,96745.3,3219643.1,-10000.0,tib_dog
368,b,98059.4,3218767.1,-10000.0,tib_dog
368,c,96098.8,3218433.4,-7500.0,tib_dog
368,m,96967.83333333333,3218947.8666666667,-9166.666666666666,tib_dog
369,a,91186.9,3218495.9,-1000.0,tib_dog
369,b,92573.9,3218120.5,-2500.0,tib_dog
369,c,91916.9,3217932.8,-1000.0,tib_dog
369,m,91892.56666666665,3218183.0666666664,-1500.0,tib_dog
370,a,88246.8,3219116.4,2035.0,tib_dog
370,b,91186.9,3218495.9,-1000.0,tib_dog
370,c,90924.9,3217302.8,2171.0,tib_dog
370,m,90119.53333333333,3218305.033333333,1068.6666666666667,tib_dog
371,a,88798.7,3219684.8,0.0,tib_dog
371,b,91186.9,3218495.9,-1000.0,tib_dog
371,c,88246.8,3219116.4,2035.0,tib_dog
371,m,89410.79999999999,3219099.033333333,345.0,tib_dog
372,a,92031.6,3219956.0,-5000.0,tib_dog
372,b,92573.9,3218120.5,-2500.0,tib_dog
372,c,91186.9,3218495.9,-1000.0,tib_dog
372,m,91930.8,3218857.466666667,-2833.3333333333335,tib_dog
373,a,88798.7,3219684.8,0.0,tib_dog
373,b,90780.1,3219476.2,-2500.0,tib_dog
373,c,91186.9,3218495.9,-1000.0,tib_dog
373,m,90255.23333333332,3219218.966666667,-1166.6666666666667,tib_dog
374,a,90780.1,3219476.2,-2500.0,tib_dog
374,b,92031.6,3219956.0,-5000.0,tib_dog
374,c,91186.9,3218495.9,-1000.0,tib_dog
374,m,91332.86666666665,3219309.3666666667,-2833.3333333333335,tib_dog
375,a,89085.5,3219945.5,-1000.0,tib_dog
375,b,90780.1,3219476.2,-2500.0,tib_dog
375,c,88798.7,3219684.8,0.0,tib_dog
375,m,89554.76666666666,3219702.1666666665,-1166.6666666666667,tib_dog
376,a,92031.6,3219956.0,-5000.0,tib_dog
376,b,93741.9,3218704.5,-5000.0,tib_dog
376,c,92573.9,3218120.5,-2500.0,tib_dog
376,m,92782.46666666667,3218927.0,-4166.666666666667,tib_dog
377,a,94743.0,3219591.0,-7500.0,tib_dog
377,b,96745.3,3219643.1,-10000.0,tib_dog
377,c,96098.8,3218433.4,-7500.0,tib_dog
377,m,95862.36666666665,3219222.5,-8333.333333333334,tib_dog
378,a,89445.3,3220352.3,-2500.0,tib_dog
378,b,90780.1,3219476.2,-2500.0,tib_dog
378,c,89085.5,3219945.5,-1000.0,tib_dog
378,m,89770.3,3219924.6666666665,-2000.0,tib_dog
379,a,94213.1,3214556.9,2527.0,tib_dog
379,b,90924.9,3217302.8,2171.0,tib_dog
379,c,92908.0,3215794.3,2288.0,tib_dog
379,m,92682.0,3215884.6666666665,2328.6666666666665,tib_dog
380,a,131410.3,3180201.8,-5000.0,tib_dog
380,b,129199.4,3176718.6,-1000.0,tib_dog
380,c,130033.7,3178074.3,-2500.0,tib_dog
380,m,130214.46666666666,3178331.5666666664,-2833.3333333333335,tib_dog
381,a,92845.0,3220946.7,-7500.0,tib_dog
381,b,93741.9,3218704.5,-5000.0,tib_dog
381,c,92031.6,3219956.0,-5000.0,tib_dog
381,m,92872.83333333333,3219869.0666666664,-5833.333333333333,tib_dog
382,a,95368.8,3220957.1,-10000.0,tib_dog
382,b,96745.3,3219643.1,-10000.0,tib_dog
382,c,94743.0,3219591.0,-7500.0,tib_dog
382,m,95619.03333333333,3220063.733333333,-9166.666666666666,tib_dog
383,a,92845.0,3220946.7,-7500.0,tib_dog
383,b,94743.0,3219591.0,-7500.0,tib_dog
383,c,93741.9,3218704.5,-5000.0,tib_dog
383,m,93776.63333333335,3219747.4,-6666.666666666667,tib_dog
384,a,89987.6,3221290.8,-5000.0,tib_dog
384,b,90780.1,3219476.2,-2500.0,tib_dog
384,c,89445.3,3220352.3,-2500.0,tib_dog
384,m,90071.0,3220373.1,-3333.3333333333335,tib_dog
385,a,89987.6,3221290.8,-5000.0,tib_dog
385,b,92031.6,3219956.0,-5000.0,tib_dog
385,c,90780.1,3219476.2,-2500.0,tib_dog
385,m,90933.10000000002,3220241.0,-4166.666666666667,tib_dog
386,a,92845.0,3220946.7,-7500.0,tib_dog
386,b,95368.8,3220957.1,-10000.0,tib_dog
386,c,94743.0,3219591.0,-7500.0,tib_dog
386,m,94318.93333333333,3220498.266666667,-8333.333333333334,tib_dog
387,a,93554.2,3222250.3,-10000.0,tib_dog
387,b,95368.8,3220957.1,-10000.0,tib_dog
387,c,92845.0,3220946.7,-7500.0,tib_dog
387,m,93922.66666666667,3221384.7000000007,-9166.666666666666,tib_dog
388,a,90967.9,3222448.4,-7500.0,tib_dog
388,b,92031.6,3219956.0,-5000.0,tib_dog
388,c,89987.6,3221290.8,-5000.0,tib_dog
388,m,90995.7,3221231.733333333,-5833.333333333333,tib_dog
389,a,90967.9,3222448.4,-7500.0,tib_dog
389,b,92845.0,3220946.7,-7500.0,tib_dog
389,c,92031.6,3219956.0,-5000.0,tib_dog
389,m,91948.16666666667,3221117.033333333,-6666.666666666667,tib_dog
390,a,90967.9,3222448.4,-7500.0,tib_dog
390,b,93554.2,3222250.3,-10000.0,tib_dog
390,c,92845.0,3220946.7,-7500.0,tib_dog
390,m,92455.7,3221881.7999999993,-8333.333333333334,tib_dog
391,a,91906.4,3223668.6,-10000.0,tib_dog
391,b,93554.2,3222250.3,-10000.0,tib_dog
391,c,90967.9,3222448.4,-7500.0,tib_dog
391,m,92142.83333333333,3222789.1,-9166.666666666666,tib_dog
